event_id,nse,rmse,peak_mag_err_m,peak_time_err_h,obs_peak_m,sim_peak_m,model,horizon_h
119,0.4107023615904013,0.0290803379233999,0.15265200000000004,0.16666666666666666,0.230449,0.383101,persistence,1
120,0.46594435800379985,0.013601018928118618,0.040875999999999996,0.0,0.122832,0.163708,persistence,1
121,-0.3341146446619043,0.06125699557961667,0.0,1.0,0.194238,0.194238,persistence,1
122,0.04349140802798801,0.02006643354737759,0.0,1.0,0.110254,0.110254,persistence,1
123,-0.026352713264644834,0.045902723349513376,0.0,1.0,0.195861,0.195861,persistence,1
124,-0.0746079629217904,0.06343004882760794,0.0,1.0,0.27731,0.27731,persistence,1
125,0.057840520374963456,0.07107899832517739,0.0,1.0,0.292017,0.292017,persistence,1
126,0.31256157353285074,0.03435292570531441,0.0,1.0,0.231058,0.231058,persistence,1
127,-0.0715658602629905,0.05742674683807055,0.0,1.0,0.27376,0.27376,persistence,1
128,0.15358826634986356,0.03859370316301237,0.0,1.0,0.165432,0.165432,persistence,1
129,0.3521119755868336,0.029917671727592705,0.0,1.0,0.165027,0.165027,persistence,1
130,0.9795727631278012,0.004888788239404061,0.0,1.0,0.143828,0.143828,persistence,1
131,0.9774061436153706,0.03699198230356123,0.0,1.0,0.915913,0.915913,persistence,1
132,0.2095984875821837,0.026845562903000327,0.0,1.0,0.158637,0.158637,persistence,1
133,0.977491195012474,0.11227915449534069,0.0,1.0,2.674709,2.674709,persistence,1
134,-0.631847964247582,0.03297955205763228,0.0,1.0,0.13267,0.13267,persistence,1
135,0.1357421092860056,0.08185292510323837,0.0,1.0,0.50573,0.50573,persistence,1
136,0.020507495337236614,0.05247763365183904,0.0,1.0,0.290698,0.290698,persistence,1
137,-1.6040214009739442,0.14426078347047797,0.265239,0.6666666666666666,0.371031,0.63627,persistence,1
138,0.3537743627880221,0.06699981761158982,0.0,1.0,0.298407,0.298407,persistence,1
139,0.22574487309168567,0.02228177514280911,0.0,1.0,0.138553,0.138553,persistence,1
140,0.9430073531545037,0.014582147609891578,0.0,1.0,0.189471,0.189471,persistence,1
141,0.3823699070957426,0.03249287056469605,0.0,1.0,0.181661,0.181661,persistence,1
142,0.9618380076357921,0.034168315821249635,0.0,1.0,0.480981,0.480981,persistence,1
143,0.17087478112557897,0.024995049507323713,0.0,1.0,0.139466,0.139466,persistence,1
144,-0.3556195226948222,0.04554008840824499,0.015923999999999994,0.6666666666666666,0.149711,0.165635,persistence,1
145,0.3012693105856281,0.027872925280311323,0.0,1.0,0.123035,0.123035,persistence,1
146,0.1842961991150842,0.046956859322981354,0.0,1.0,0.20144,0.20144,persistence,1
147,-0.7295634165678702,0.05278443094076833,0.056091,0.5,0.139872,0.195963,persistence,1
148,0.22564180753913554,0.06462064059503776,0.0,1.0,0.250735,0.250735,persistence,1
149,0.10857166763768622,0.1441785257157482,0.03347200000000006,0.8333333333333334,0.746119,0.779591,persistence,1
150,0.9837749815880886,0.02086479434437042,0.0,1.0,0.50715,0.50715,persistence,1
151,0.39239683199772946,0.015751914190659588,0.0,1.0,0.103763,0.103763,persistence,1
152,0.31466315917964804,0.014482913962374744,0.0,1.0,0.116442,0.116442,persistence,1
153,0.16331964998903126,0.03400887249946968,0.0,1.0,0.150928,0.150928,persistence,1
154,0.08747403904995332,0.03349932235850699,0.0,1.0,0.189268,0.189268,persistence,1
155,0.9776140294974025,0.022043813182309913,0.0,1.0,0.438583,0.438583,persistence,1
156,0.05273937316977184,0.020928962708662992,0.0,1.0,0.103357,0.103357,persistence,1
157,-0.04180746077403774,0.07098093189238446,0.0,1.0,0.388274,0.388274,persistence,1
158,0.1768327818575276,0.024719911005672706,0.0,1.0,0.174662,0.174662,persistence,1
159,-0.07571791925063387,0.06371530472343359,0.0,1.0,0.371538,0.371538,persistence,1
160,-0.24339462898542208,0.03900498593204237,0.0,1.0,0.116644,0.116644,persistence,1
161,0.1563354685748699,0.050040912498619014,0.0,1.0,0.20073,0.20073,persistence,1
162,0.024053193896093505,0.05884265771275121,0.0,1.0,0.20641,0.20641,persistence,1
163,-0.49203034550338676,0.11975775664708677,0.0,1.0,0.3754,0.3754,persistence,1
164,0.2289829959135804,0.05841611687548918,0.0,1.0,0.3842,0.3842,persistence,1
165,0.29550208123345234,0.054516971374206864,0.1311,0.16666666666666666,0.2718,0.4029,persistence,1
166,0.5645863921920998,0.03072973847703014,0.0,1.0,0.167258,0.167258,persistence,1
167,0.08152023925873997,0.046351067810682385,0.0,1.0,0.1915,0.1915,persistence,1
168,0.39130566622958385,0.017340434524258586,0.0,1.0,0.147885,0.147885,persistence,1
169,0.2538632504367906,0.037863190949313785,0.0,1.0,0.225601,0.225601,persistence,1
170,0.09704497459465533,0.08488019519866519,0.0,1.0,0.456834,0.456834,persistence,1
171,0.9188995984349926,0.009221271231030354,0.0,1.0,0.124117,0.124117,persistence,1
172,0.9144650805594694,0.07584191218899702,0.0,1.0,1.18902,1.18902,persistence,1
173,0.9813531752895395,0.014733575023883446,0.0,1.0,0.422724,0.422724,persistence,1
174,0.532255278246486,0.03412129431010531,0.0,1.0,0.202523,0.202523,persistence,1
175,0.1335594883050666,0.024563981722307282,0.0,1.0,0.126636,0.126636,persistence,1
119,-19.988788942452622,0.06353933544834563,0.32968800000000004,-7.833333333333333,0.053413,0.383101,persistence,6
120,-4.142355354738855,0.031705070306688274,0.11029499999999999,-6.166666666666667,0.053413,0.163708,persistence,6
121,,0.07559427279543464,0.194238,1.0,0.0,0.194238,persistence,6
122,-0.7055510166403685,0.034923390582709074,0.0,6.0,0.110254,0.110254,persistence,6
123,-26.31000969474272,0.05794905647474966,0.16744,1.0,0.028421,0.195861,persistence,6
124,-28.636060750358276,0.06934508539259333,0.243737,-1.3333333333333333,0.033573,0.27731,persistence,6
125,-0.8482130740281804,0.1064216145910341,0.0,6.0,0.292017,0.292017,persistence,6
126,-1.0214145813751112,0.06216273800845584,0.0,6.0,0.231058,0.231058,persistence,6
127,-1.031950521467965,0.08773815311274004,0.0,6.0,0.27376,0.27376,persistence,6
128,-0.2739769936744263,0.05509141617108365,0.0,6.0,0.165432,0.165432,persistence,6
129,-1.2359250098741605,0.049092065311166014,0.026777999999999996,5.333333333333333,0.138249,0.165027,persistence,6
130,0.7583605751578542,0.021764007492591206,0.0,6.0,0.143828,0.143828,persistence,6
131,0.7063518864657534,0.11523786926083043,0.0,6.0,0.915913,0.915913,persistence,6
132,-2.190207792746568,0.0375755201997818,0.107344,-0.8333333333333334,0.051293,0.158637,persistence,6
133,0.5342112111119908,0.47471284392838053,0.0,6.0,2.674709,2.674709,persistence,6
134,-0.9060216044208682,0.0420400408774067,0.0,6.0,0.13267,0.13267,persistence,6
135,-0.42375830130291914,0.10831847824703765,0.0,6.0,0.50573,0.50573,persistence,6
136,-8.733691121561257,0.058369554565541916,0.23550000000000001,1.8333333333333333,0.055198,0.290698,persistence,6
137,,0.1993756148391369,0.63627,0.6666666666666666,0.0,0.63627,persistence,6
138,-17.633598633513508,0.10124818403945658,0.22919099999999998,2.0,0.069216,0.298407,persistence,6
139,-0.31431082384062203,0.03777469786337301,0.0,6.0,0.138553,0.138553,persistence,6
140,0.35613426118728175,0.05252557941916914,0.005882999999999999,2.8333333333333335,0.183588,0.189471,persistence,6
141,-1.0147871428089368,0.07275850687150236,0.0,6.0,0.181661,0.181661,persistence,6
142,0.7713849277348107,0.08133305571847362,0.0,6.0,0.480981,0.480981,persistence,6
143,-0.5097201691382007,0.04321071143213526,0.0,6.0,0.139466,0.139466,persistence,6
144,-601.5164637600052,0.07029811375957286,0.15304800000000002,0.6666666666666666,0.012587,0.165635,persistence,6
145,-54.62656709726691,0.061488339414884186,0.09417800000000001,2.5,0.028857,0.123035,persistence,6
146,-8.089280461459854,0.07059830833390199,0.13578400000000002,1.8333333333333333,0.065656,0.20144,persistence,6
147,,0.0866678744108155,0.195963,0.5,0.0,0.195963,persistence,6
148,-145.1512875379755,0.10737883130250257,0.21948399999999998,1.1666666666666667,0.031251,0.250735,persistence,6
149,-8.429962690710692,0.17617832528981034,0.60361,0.5,0.175981,0.779591,persistence,6
150,0.7855267703163082,0.07649044976840805,0.0,6.0,0.50715,0.50715,persistence,6
151,-0.5409637910175031,0.024120119697130103,0.05245,2.1666666666666665,0.051313,0.103763,persistence,6
152,-1.032609731343355,0.02694196084132245,0.0,6.0,0.116442,0.116442,persistence,6
153,-21.907783837257128,0.05833796013190599,0.111269,3.0,0.039659,0.150928,persistence,6
154,-0.699018467587808,0.05407647257626617,0.0,6.0,0.189268,0.189268,persistence,6
155,0.7963962235966617,0.06512208934522441,0.0,6.0,0.438583,0.438583,persistence,6
156,-1.4002788859159359,0.04017380349383932,0.0,6.0,0.103357,0.103357,persistence,6
157,-140.995367451039,0.0746674927041642,0.368495,1.0,0.019779,0.388274,persistence,6
158,-1.982166642876377,0.02681586354156304,0.12837900000000002,-0.5,0.046283,0.174662,persistence,6
159,-25.617015279180098,0.06583360346996592,0.342296,1.1666666666666667,0.029242,0.371538,persistence,6
160,-30.763181620365344,0.0648028221687097,0.086783,-2.5,0.029861,0.116644,persistence,6
161,,0.09044220829500892,0.20073,1.5,0.0,0.20073,persistence,6
162,,0.09532838153998699,0.20641,1.5,0.0,0.20641,persistence,6
163,,0.1346259709395946,0.3754,1.0,0.0,0.3754,persistence,6
164,-1.087582323494526,0.12548409100737012,-0.018699999999999994,-14.666666666666666,0.4029,0.3842,persistence,6
165,-2.3572726914796776,0.10404234434710406,0.1755,-1.5,0.2274,0.4029,persistence,6
166,-1.8351800817491521,0.07857912608235515,0.0035499999999999976,4.666666666666667,0.163708,0.167258,persistence,6
167,-145.52168360483535,0.07860192464610156,0.164773,1.5,0.026727,0.1915,persistence,6
168,-0.6779833488623082,0.03526045773502052,0.0,6.0,0.147885,0.147885,persistence,6
169,-7.367487196581164,0.0501394121607659,0.171907,1.6666666666666667,0.053694,0.225601,persistence,6
170,-4.476137957169169,0.08317296426237183,0.32552000000000003,0.3333333333333333,0.131314,0.456834,persistence,6
171,0.6181324572932573,0.02332359909578069,0.0,6.0,0.124117,0.124117,persistence,6
172,0.3400040986025492,0.18661990787639857,0.0,6.0,1.18902,1.18902,persistence,6
173,0.7632763940792088,0.05487156437759331,0.0,6.0,0.422724,0.422724,persistence,6
174,-1.5753332535297564,0.08492942787355023,0.0,6.0,0.202523,0.202523,persistence,6
175,-1.1826004942921604,0.04161633072029721,0.0,6.0,0.126636,0.126636,persistence,6
119,-41.17858896842163,0.06875525229842129,0.351648,0.16666666666666666,0.031453,0.383101,persistence,24
120,-20.62051134682527,0.04098006655023865,0.13522599999999999,0.0,0.028482,0.163708,persistence,24
121,,0.07559427279543464,0.194238,1.0,0.0,0.194238,persistence,24
122,,0.04309745199172737,0.110254,10.5,0.0,0.110254,persistence,24
123,,0.06764096435940715,0.195861,1.0,0.0,0.195861,persistence,24
124,,0.08200533401988022,0.27731,1.5,0.0,0.27731,persistence,24
125,,0.11936769588152836,0.292017,9.833333333333334,0.0,0.292017,persistence,24
126,-18.53494243546091,0.05793754900975209,0.185293,11.166666666666666,0.045765,0.231058,persistence,24
127,,0.08259189950268452,0.27376,8.0,0.0,0.27376,persistence,24
128,,0.07374531354164393,0.165432,6.166666666666667,0.0,0.165432,persistence,24
129,,0.06501992281900582,0.165027,5.333333333333333,0.0,0.165027,persistence,24
130,-0.42493435317718853,0.06435099679716204,0.010853000000000002,18.166666666666668,0.132975,0.143828,persistence,24
131,-2.6169000445641064,0.3189330843497559,0.0,24.0,0.915913,0.915913,persistence,24
132,,0.05918512297688899,0.158637,1.6666666666666667,0.0,0.158637,persistence,24
133,-3.641299980242228,1.1394433210127868,0.0,24.0,2.674709,2.674709,persistence,24
134,,0.04328529294683711,0.13267,8.166666666666666,0.0,0.13267,persistence,24
135,-2.1772732085173305,0.1366394433188315,0.0,24.0,0.50573,0.50573,persistence,24
136,,0.07738455212193425,0.290698,2.3333333333333335,0.0,0.290698,persistence,24
137,,0.1993756148391369,0.63627,0.6666666666666666,0.0,0.63627,persistence,24
138,,0.12586673903917653,0.298407,2.0,0.0,0.298407,persistence,24
139,-0.2382527534780048,0.09184214091909519,-0.05091799999999999,-8.5,0.189471,0.138553,persistence,24
140,,0.1389233431240049,0.189471,2.8333333333333335,0.0,0.189471,persistence,24
141,,0.08107463387213044,0.181661,7.5,0.0,0.181661,persistence,24
142,-1.1575120005538708,0.19673074511610433,0.0,24.0,0.480981,0.480981,persistence,24
143,,0.05977369231526525,0.139466,7.0,0.0,0.139466,persistence,24
144,,0.07055234909171326,0.165635,0.6666666666666666,0.0,0.165635,persistence,24
145,,0.06435581551668956,0.123035,2.5,0.0,0.123035,persistence,24
146,,0.08916873104490956,0.20144,1.8333333333333333,0.0,0.20144,persistence,24
147,,0.0866678744108155,0.195963,0.5,0.0,0.195963,persistence,24
148,,0.11055002469519715,0.250735,1.1666666666666667,0.0,0.250735,persistence,24
149,,0.2373493943354396,0.779591,0.8333333333333334,0.0,0.779591,persistence,24
150,-0.4235865218681065,0.22375950914187645,0.0,24.0,0.50715,0.50715,persistence,24
151,,0.04524556907104945,0.103763,3.6666666666666665,0.0,0.103763,persistence,24
152,-2.432951844360537,0.024213261157260874,0.074156,-3.5,0.042286,0.116442,persistence,24
153,,0.06310066414893774,0.150928,3.0,0.0,0.150928,persistence,24
154,,0.061051329772406814,0.189268,7.333333333333333,0.0,0.189268,persistence,24
155,-1.362794796186002,0.19753568709071456,0.0,24.0,0.438583,0.438583,persistence,24
156,,0.0386396470623246,0.103357,12.5,0.0,0.103357,persistence,24
157,,0.08143467163443066,0.388274,1.0,0.0,0.388274,persistence,24
158,-206.35317455454378,0.04851533149079951,0.15060300000000001,2.8333333333333335,0.024059,0.174662,persistence,24
159,,0.07844472018979268,0.371538,1.1666666666666667,0.0,0.371538,persistence,24
160,,0.06665726719526668,0.116644,3.0,0.0,0.116644,persistence,24
161,,0.09044220829500892,0.20073,1.5,0.0,0.20073,persistence,24
162,,0.09532838153998699,0.20641,1.5,0.0,0.20641,persistence,24
163,,0.1346259709395946,0.3754,1.0,0.0,0.3754,persistence,24
164,-0.675262937969427,0.1118444191663073,-0.018699999999999994,3.3333333333333335,0.4029,0.3842,persistence,24
165,,0.1441367780564896,0.4029,0.16666666666666666,0.0,0.4029,persistence,24
166,,0.09079708778340122,0.167258,4.666666666666667,0.0,0.167258,persistence,24
167,,0.0798099434921131,0.1915,1.5,0.0,0.1915,persistence,24
168,-1.3226658671044902,0.04574997215159029,0.0,24.0,0.147885,0.147885,persistence,24
169,,0.07002950418789547,0.225601,1.6666666666666667,0.0,0.225601,persistence,24
170,,0.12175130873899029,0.456834,3.8333333333333335,0.0,0.456834,persistence,24
171,-0.40837239905873113,0.05810654437839755,0.0,24.0,0.124117,0.124117,persistence,24
172,-5.274359580535654,0.29837252481897103,0.0,24.0,1.18902,1.18902,persistence,24
173,-0.2468251576061955,0.11943410842315365,0.011363999999999985,21.5,0.41136,0.422724,persistence,24
174,-114.84517907399756,0.06067204004205792,0.18571200000000002,-0.5,0.016811,0.202523,persistence,24
175,-72.34400141905054,0.03334311377051432,0.110534,5.833333333333333,0.016102,0.126636,persistence,24
119,0.44060969189838783,0.02833280465537838,-0.11466674193730353,1.1666666666666667,0.230449,0.11578225806269646,ridge,1
120,0.39390198023317846,0.014489374040660762,-0.011462539948092487,0.8333333333333334,0.122832,0.11136946005190751,ridge,1
121,0.4750245281690961,0.0384263047798229,-0.03981375185262151,1.0,0.194238,0.15442424814737848,ridge,1
122,0.0336212055768873,0.020169700490512598,-0.034055695085063606,-2.1666666666666665,0.110254,0.0761983049149364,ridge,1
123,0.699178826611826,0.02485102667511033,0.004199475003920677,0.0,0.195861,0.20006047500392068,ridge,1
124,0.6723224396929377,0.03502622791146322,-0.07631482177286653,1.0,0.27731,0.20099517822713348,ridge,1
125,0.3745944532050254,0.05791085170114168,0.054449987280254464,1.0,0.292017,0.3464669872802545,ridge,1
126,0.3564776888989878,0.03323752156417796,-0.060509070245070073,1.0,0.231058,0.17054892975492994,ridge,1
127,0.16821793852144284,0.05059522776567404,-0.07090673639163314,1.0,0.27376,0.20285326360836686,ridge,1
128,-2.021726622606716,0.07292109811201303,0.21229497346978962,1.8333333333333333,0.165432,0.3777269734697896,ridge,1
129,0.21136568254536714,0.03300772953618411,-0.01727731621685155,1.0,0.165027,0.14774968378314846,ridge,1
130,0.9434828114851603,0.008131799990513873,0.001523859458639143,2.6666666666666665,0.143828,0.14535185945863915,ridge,1
131,0.9803277942447849,0.034517469657920866,0.031254856049317215,0.6666666666666666,0.915913,0.9471678560493172,ridge,1
132,0.3028809841499073,0.025211698113227342,-0.030067442292616292,1.0,0.158637,0.1285695577073837,ridge,1
133,0.9812811629433426,0.10239113242689693,0.13316017735029728,4.833333333333333,2.674709,2.8078691773502973,ridge,1
134,0.12085776426554717,0.024206638138234118,-0.017924365899667644,1.0,0.13267,0.11474563410033237,ridge,1
135,0.17745869100942302,0.07985302748825716,-0.016183832024991296,1.0,0.50573,0.4895461679750087,ridge,1
136,0.5591948913467406,0.035204403851894536,-0.0678506763393224,-0.3333333333333333,0.290698,0.2228473236606776,ridge,1
137,-1.4346478663843305,0.13949032624697635,0.10179225198830638,0.6666666666666666,0.371031,0.4728232519883064,ridge,1
138,0.09366875432448518,0.07934599397923853,0.1392812805368695,1.0,0.298407,0.4376882805368695,ridge,1
139,-1.0189033218000145,0.03598035993912661,0.031125178873610854,5.333333333333333,0.138553,0.16967817887361086,ridge,1
140,0.9329482049853274,0.01581675112184853,-0.0005234528579914077,1.3333333333333333,0.189471,0.1889475471420086,ridge,1
141,0.7675610557013431,0.01993325872079177,-0.024888349537338456,1.0,0.181661,0.15677265046266153,ridge,1
142,0.9580431454870358,0.03582692325757863,0.020626021267984962,17.833333333333332,0.480981,0.501607021267985,ridge,1
143,0.2750148213354404,0.02337267944930931,-0.018519252710126693,-0.5,0.139466,0.12094674728987331,ridge,1
144,0.11792541637063869,0.03673479463375849,-0.03210687839168613,0.8333333333333334,0.149711,0.11760412160831388,ridge,1
145,0.30114571606635254,0.027875390313354422,0.0246134497408258,-0.5,0.123035,0.1476484497408258,ridge,1
146,0.212442515698393,0.046139611166593895,0.0489746258616387,0.8333333333333334,0.20144,0.2504146258616387,ridge,1
147,0.24416469614977176,0.03489403442592299,-0.0010337907131996171,0.5,0.139872,0.13883820928680038,ridge,1
148,0.6694077614918658,0.04222276176400569,0.060978650373134435,0.8333333333333334,0.250735,0.3117136503731344,ridge,1
149,0.2153610942090426,0.13526713232295015,0.3705066954730316,0.8333333333333334,0.746119,1.1166256954730316,ridge,1
150,0.9865470715988457,0.01899896421137432,0.0015997300604220221,2.5,0.50715,0.508749730060422,ridge,1
151,-1.703188039818183,0.03322472929499099,0.0671537302774329,4.5,0.103763,0.1709167302774329,ridge,1
152,0.2717499563166236,0.014929462464827114,-0.026063115646951088,0.8333333333333334,0.116442,0.09037888435304892,ridge,1
153,0.3625322290410459,0.029685308427442877,-0.022731194438715102,-0.5,0.150928,0.1281968055612849,ridge,1
154,0.30810403640803674,0.029169823821929196,-0.006003987654388476,1.0,0.189268,0.18326401234561152,ridge,1
155,0.9737228939686595,0.023882925557749082,0.009221884391848678,5.833333333333333,0.438583,0.4478048843918487,ridge,1
156,0.01608664981533081,0.021330026144339383,-0.010821000943591563,-1.1666666666666667,0.103357,0.09253599905640844,ridge,1
157,0.6657370839291076,0.04020611069095682,-0.13663421735455067,1.0,0.388274,0.25163978264544934,ridge,1
158,-0.1628122458077914,0.029380397545957344,0.054536830882698506,-0.5,0.174662,0.22919883088269852,ridge,1
159,0.7709915509722814,0.029398171266443868,-0.0801909485807128,0.0,0.371538,0.2913470514192872,ridge,1
160,-2.685863007945736,0.0671560628653508,0.10048399915977063,-1.3333333333333333,0.116644,0.21712799915977063,ridge,1
161,0.2831854335533941,0.04612578133857096,-0.05599025388044293,1.0,0.20073,0.14473974611955706,ridge,1
162,0.47363335218439007,0.04321389258578243,-0.06898263106359545,0.0,0.20641,0.13742736893640456,ridge,1
163,-0.19089874391545347,0.10699223077005485,-0.12405507293610496,1.0,0.3754,0.25134492706389505,ridge,1
164,0.4035032014632418,0.051381261766603,-0.06999362351176358,1.0,0.3842,0.3142063764882364,ridge,1
165,0.2308211134490945,0.056964664147651015,0.013900777552029564,5.833333333333333,0.2718,0.28570077755202955,ridge,1
166,0.7559844095817079,0.023004704167055415,-0.002183150842769044,1.0,0.167258,0.16507484915723095,ridge,1
167,0.39744926921031054,0.03754237617248891,-0.04059788524318217,-0.3333333333333333,0.1915,0.15090211475681783,ridge,1
168,0.52247977523512,0.015358762745086635,-0.03402049820698469,1.0,0.147885,0.1138645017930153,ridge,1
169,0.5034127182670995,0.030889138251741114,-0.06397354641811509,1.0,0.225601,0.1616274535818849,ridge,1
170,0.21383052318094675,0.07920113385487201,-0.10053562441407782,1.0,0.456834,0.3562983755859222,ridge,1
171,0.8992949566333901,0.01027554592234536,0.00033233794635031955,23.333333333333332,0.124117,0.12444933794635032,ridge,1
172,0.9449605573162283,0.060837948760529885,-0.029903035796474464,0.8333333333333334,1.18902,1.1591169642035255,ridge,1
173,0.9796342187178867,0.015397713423308259,-0.006275438792665455,1.0,0.422724,0.41644856120733453,ridge,1
174,0.6692449001265064,0.028692891999871968,-0.0016029439388372257,1.0,0.202523,0.20092005606116278,ridge,1
175,-0.06406250486566734,0.02722155689819913,-0.017964959821108406,1.0,0.126636,0.10867104017889159,ridge,1
119,-19.088244162459656,0.06216128265399944,0.25540297762548964,-3.8333333333333335,0.053413,0.3088159776254896,ridge,6
120,-13.246805158579969,0.052772348369210756,0.25540297762548964,-3.8333333333333335,0.053413,0.3088159776254896,ridge,6
121,,0.03752249864761244,0.10532181298010182,1.0,0.0,0.10532181298010182,ridge,6
122,-0.17520972655460376,0.028989567255169196,-0.02143013242888668,1.8333333333333333,0.110254,0.08882386757111332,ridge,6
123,-7.015336631328257,0.0313939762511696,0.12613678178246568,0.0,0.028421,0.15455778178246568,ridge,6
124,-15.029372025391481,0.05099923990313913,0.10359343841733745,-1.3333333333333333,0.033573,0.13716643841733744,ridge,6
125,-1.8716354000354518,0.13265342689767448,-0.14645968102803683,6.0,0.292017,0.1455573189719632,ridge,6
126,-0.8966828558687723,0.06021432153641511,-0.07552144228331695,6.166666666666667,0.231058,0.15553655771668307,ridge,6
127,-0.41790452885425466,0.07329180523294036,-0.03399275482751324,-2.0,0.27376,0.23976724517248676,ridge,6
128,-1.6897506497038481,0.08004959782245542,0.1470323667953948,6.833333333333333,0.165432,0.3124643667953948,ridge,6
129,-4.348960039393948,0.0759306929225055,0.020212894039368545,5.333333333333333,0.138249,0.15846189403936856,ridge,6
130,-0.3656381969102047,0.051739567949501755,0.036379460247456336,4.666666666666667,0.143828,0.18020746024745635,ridge,6
131,0.8162222677907753,0.09116498315689645,0.027269554872408452,10.666666666666666,0.915913,0.9431825548724084,ridge,6
132,-7.607667419804837,0.06172175342030818,0.078543543868546,0.0,0.051293,0.129836543868546,ridge,6
133,0.34966702503253966,0.560924428704134,0.3502190854158562,9.5,2.674709,3.0249280854158562,ridge,6
134,-1.224091524564325,0.04541251430868645,-0.0348279106913682,6.0,0.13267,0.09784208930863181,ridge,6
135,-0.5004458883710448,0.111197387588826,-0.11855700047821105,5.333333333333333,0.50573,0.38717299952178896,ridge,6
136,-5.548859866522064,0.047877387831096276,0.16537927874671152,1.1666666666666667,0.055198,0.2205772787467115,ridge,6
137,,0.20059731822966995,0.3738544383732391,0.6666666666666666,0.0,0.3738544383732391,ridge,6
138,-45.69891265904181,0.1602847700707401,0.4762099323844022,4.166666666666667,0.069216,0.5454259323844022,ridge,6
139,-6.247038114148024,0.08870175851613026,0.0647974001512899,10.0,0.138553,0.2033504001512899,ridge,6
140,-0.14328858491592866,0.06999243899964457,0.04225447163041615,4.833333333333333,0.183588,0.22584247163041615,ridge,6
141,-0.5749340068503801,0.06432804796664623,-0.04448040357536967,6.0,0.181661,0.13718059642463032,ridge,6
142,0.850304435123491,0.06581412720103147,0.11181521758504276,21.333333333333332,0.480981,0.5927962175850428,ridge,6
143,-2.1834322238912347,0.06274671474324672,0.007318134563850581,10.833333333333334,0.139466,0.1467841345638506,ridge,6
144,-159.02987469864993,0.036229283530484914,0.06038525873628685,1.0,0.012587,0.07297225873628685,ridge,6
145,-89.707373368739,0.07851866925663949,0.30506711277593634,0.0,0.028857,0.33392411277593637,ridge,6
146,-4.345170098461022,0.054139009718503404,0.2137875576512176,0.16666666666666666,0.065656,0.2794435576512176,ridge,6
147,,0.025447068411127406,0.05916056529631103,0.5,0.0,0.05916056529631103,ridge,6
148,-93.30424885907897,0.08625474192995243,0.30374422478423146,0.0,0.031251,0.3349952247842315,ridge,6
149,-16.31866650399898,0.2387562311567077,0.8231115930953468,0.5,0.175981,0.9990925930953468,ridge,6
150,0.8651947319078019,0.06064208166837854,0.04327116074544479,5.833333333333333,0.50715,0.5504211607454448,ridge,6
151,-9.126760832828536,0.061832743766551006,0.13817571695499958,5.5,0.051313,0.18948871695499958,ridge,6
152,-2.6085062131167707,0.03589764257216606,-0.02622660111173354,12.5,0.116442,0.09021539888826646,ridge,6
153,-24.60502121695971,0.06167686223259316,0.09462781129333306,1.5,0.039659,0.13428681129333306,ridge,6
154,-1.9615532681678816,0.07139521063477768,-0.03743369376657937,11.5,0.189268,0.15183430623342062,ridge,6
155,0.8561548977602293,0.054737247010891575,0.03470363139541388,9.333333333333334,0.438583,0.4732866313954139,ridge,6
156,-0.24139363424647953,0.02889128480623341,-0.04158284190316059,3.3333333333333335,0.103357,0.061774158096839414,ridge,6
157,-35.82025423637791,0.038022255133377376,0.15260438787955785,1.0,0.019779,0.17238338787955784,ridge,6
158,-3.297858318038566,0.03219229065606496,0.1519233923798916,-2.3333333333333335,0.046283,0.1982063923798916,ridge,6
159,-7.462059553294063,0.03711983089553608,0.16946752457962805,0.0,0.029242,0.19870952457962804,ridge,6
160,-66.58321102166926,0.09452601120779326,0.23224054392754254,-5.0,0.029861,0.26210154392754254,ridge,6
161,,0.04675441610017706,0.09804236974976074,1.5,0.0,0.09804236974976074,ridge,6
162,,0.05775421283965135,0.09832080043696026,1.5,0.0,0.09832080043696026,ridge,6
163,,0.3157306186739591,0.7238868170058282,2.0,0.0,0.7238868170058282,ridge,6
164,-0.704519243552677,0.11338818874282813,-0.1193211718682114,-14.666666666666666,0.4029,0.2835788281317886,ridge,6
165,-0.7331070959946058,0.07475315391221117,-0.013509652342334783,4.166666666666667,0.2274,0.2138903476576652,ridge,6
166,-1.2146418718483742,0.06944942003280981,0.03115274727554701,2.8333333333333335,0.163708,0.194860747275547,ridge,6
167,-76.5052660872892,0.057167320390770826,0.1701466376285754,0.16666666666666666,0.026727,0.1968736376285754,ridge,6
168,-0.23004936096309403,0.03018946329301411,-0.06319381117283099,-16.5,0.147885,0.084691188827169,ridge,6
169,-1.9176522906906008,0.029607277664326807,0.07952311983225394,1.6666666666666667,0.053694,0.13321711983225393,ridge,6
170,-2.172746300668343,0.06330859317126383,0.162288457578397,0.3333333333333333,0.131314,0.293602457578397,ridge,6
171,0.4709228126346623,0.027453562760354152,0.018488793552606575,25.833333333333332,0.124117,0.14260579355260658,ridge,6
172,0.5143638190486837,0.16008213543923472,-0.10633629742614792,5.333333333333333,1.18902,1.082683702573852,ridge,6
173,0.8546929322659336,0.04299024574158446,-0.0048876501040105436,2.6666666666666665,0.422724,0.41783634989598945,ridge,6
174,-1.4779770282773712,0.08330865417859848,-0.018769842872901787,6.0,0.202523,0.18375315712709822,ridge,6
175,-2.5165953302177124,0.0528247997112826,0.014582672601489821,2.8333333333333335,0.126636,0.14121867260148982,ridge,6
119,-152.88573157934377,0.131328514967579,0.39174580074141424,0.8333333333333334,0.031453,0.42319880074141425,ridge,24
120,-159.61297431415207,0.11169403776245845,0.282641412041707,0.0,0.028482,0.311123412041707,ridge,24
121,,0.038341432267649855,0.09521703110628466,1.0,0.0,0.09521703110628466,ridge,24
122,,0.04619020022819182,0.09621604319906027,6.333333333333333,0.0,0.09621604319906027,ridge,24
123,,0.03883055577714506,0.15150897050524487,0.0,0.0,0.15150897050524487,ridge,24
124,,0.043055812749015696,0.11082083646570426,1.6666666666666667,0.0,0.11082083646570426,ridge,24
125,,0.11376389103929578,0.027584047158839387,9.833333333333334,0.0,0.027584047158839387,ridge,24
126,-29.029960485619608,0.07183422842227961,0.13877760907118056,11.333333333333334,0.045765,0.18454260907118056,ridge,24
127,,0.12761263076461593,0.2902869969304488,0.0,0.0,0.2902869969304488,ridge,24
128,,0.2090861593526045,0.5658710339293731,7.166666666666667,0.0,0.5658710339293731,ridge,24
129,,0.1946549552865504,0.25972313768653194,7.166666666666667,0.0,0.25972313768653194,ridge,24
130,-8.72458613662359,0.16810994801040263,0.13581762313076162,15.166666666666666,0.132975,0.26879262313076163,ridge,24
131,-0.3227927306176681,0.19287556852975635,0.06818486790671463,29.5,0.915913,0.9840978679067146,ridge,24
132,,0.11636425560672127,0.22146909428951678,1.6666666666666667,0.0,0.22146909428951678,ridge,24
133,-3.211920317721982,1.0854578925501865,-0.9433853318024168,52.166666666666664,2.674709,1.7313236681975832,ridge,24
134,,0.12635454029513712,0.1989003828385965,8.166666666666666,0.0,0.1989003828385965,ridge,24
135,-2.585479712334397,0.1451518042042735,0.0279693943268281,24.5,0.50573,0.5336993943268281,ridge,24
136,,0.098584926086565,0.2578986693222577,1.6666666666666667,0.0,0.2578986693222577,ridge,24
137,,0.3016480967366306,0.43477186789666045,0.16666666666666666,0.0,0.43477186789666045,ridge,24
138,,0.2063632652531603,0.454137358523945,4.166666666666667,0.0,0.454137358523945,ridge,24
139,-4.3717138793215575,0.19129066804943812,0.25768420379775886,-2.5,0.189471,0.44715520379775886,ridge,24
140,,0.14694611198801386,0.2340337995719412,4.833333333333333,0.0,0.2340337995719412,ridge,24
141,,0.11100425988017085,0.18686195083925636,7.5,0.0,0.18686195083925636,ridge,24
142,-0.15456412112980966,0.14391453391594658,0.19301752521631244,12.0,0.480981,0.6739985252163124,ridge,24
143,,0.12581921465651658,0.1900517698833712,5.333333333333333,0.0,0.1900517698833712,ridge,24
144,,0.032277404318966446,0.07187670665710341,1.0,0.0,0.07187670665710341,ridge,24
145,,0.11906195703029719,0.3920825587527091,0.0,0.0,0.3920825587527091,ridge,24
146,,0.1315735768775662,0.3096576175977968,0.16666666666666666,0.0,0.3096576175977968,ridge,24
147,,0.021528059088574483,0.055509797277573,0.5,0.0,0.055509797277573,ridge,24
148,,0.14644081441117002,0.418161899149816,0.0,0.0,0.418161899149816,ridge,24
149,,0.45850300800045374,0.995534270229129,0.8333333333333334,0.0,0.995534270229129,ridge,24
150,0.1799021917239949,0.16983312172196027,0.23916653491986906,10.0,0.50715,0.746316534919869,ridge,24
151,,0.13270914223465063,0.32545811313081874,7.166666666666667,0.0,0.32545811313081874,ridge,24
152,-28.62826247213297,0.07113322880633885,0.10252610720397576,19.333333333333332,0.042286,0.14481210720397575,ridge,24
153,,0.11891590328204339,0.21070028384083056,1.5,0.0,0.21070028384083056,ridge,24
154,,0.1481997976260227,0.22074469151782267,13.0,0.0,0.22074469151782267,ridge,24
155,0.12718033882823654,0.12005902850392933,0.057954456440599766,21.333333333333332,0.438583,0.49653745644059977,ridge,24
156,,0.017402217268626376,0.064354582029507,9.833333333333334,0.0,0.064354582029507,ridge,24
157,,0.04711855263361742,0.1361945178027329,1.1666666666666667,0.0,0.1361945178027329,ridge,24
158,-193.15884414213696,0.04694639491073454,0.20900614435930506,1.0,0.024059,0.23306514435930506,ridge,24
159,,0.0351957727654028,0.15375953765241698,0.0,0.0,0.15375953765241698,ridge,24
160,,0.10989846759398338,0.28073195063390965,0.5,0.0,0.28073195063390965,ridge,24
161,,0.03119076977226766,0.07581780151742595,1.5,0.0,0.07581780151742595,ridge,24
162,,0.0464119225634831,0.0757202934727679,1.5,0.0,0.0757202934727679,ridge,24
163,,0.2835721032169507,0.4983970958990879,1.6666666666666667,0.0,0.4983970958990879,ridge,24
164,-0.812853366628856,0.11634672603186488,-0.08018469003787987,15.166666666666666,0.4029,0.3227153099621201,ridge,24
165,,0.11224416657379213,0.17482505609619506,5.833333333333333,0.0,0.17482505609619506,ridge,24
166,,0.11407978798753998,0.22876834601763724,2.8333333333333335,0.0,0.22876834601763724,ridge,24
167,,0.06591521894788994,0.19725369746895796,0.16666666666666666,0.0,0.19725369746895796,ridge,24
168,0.1698047079099989,0.027351906189905392,-0.05345615504548182,1.5,0.147885,0.09442884495451817,ridge,24
169,,0.049442128663406644,0.12062844148720431,1.6666666666666667,0.0,0.12062844148720431,ridge,24
170,,0.10815398275336387,0.2699507109685646,3.8333333333333335,0.0,0.2699507109685646,ridge,24
171,-0.44525320843196114,0.05886244084103504,0.06990443382527209,-5.166666666666667,0.124117,0.1940214338252721,ridge,24
172,-2.7628254415212044,0.23106340186981877,-0.22940937876088885,22.5,1.18902,0.9596106212391111,ridge,24
173,0.33583866581941213,0.08716906503481589,-0.02917424075642938,15.666666666666666,0.41136,0.3821857592435706,ridge,24
174,-314.64175927511985,0.10014905207528177,0.2431593836781428,-0.3333333333333333,0.016811,0.2599703836781428,ridge,24
175,-814.6613827030529,0.11119334748247284,0.19754200370046798,4.5,0.016102,0.213644003700468,ridge,24
119,0.6008007646677628,0.02393464271301624,0.07785395266666664,0.16666666666666666,0.230449,0.30830295266666663,random_forest,1
120,0.09356630225735107,0.017719285778307288,0.021104682126984103,0.0,0.122832,0.1439366821269841,random_forest,1
121,-0.45456037068872424,0.06396243554321243,0.07335843666666661,0.0,0.194238,0.2675964366666666,random_forest,1
122,-0.4437316149077484,0.024652955219946007,0.011365782952380957,0.8333333333333334,0.110254,0.12161978295238096,random_forest,1
123,0.30474372367462277,0.03778005571945143,0.06332789599999994,0.0,0.195861,0.25918889599999995,random_forest,1
124,0.1695039764352162,0.05576205843534075,-0.06768313333333334,1.5,0.27731,0.20962686666666666,random_forest,1
125,0.09220077280617567,0.06977084650889563,0.030512775333333353,0.8333333333333334,0.292017,0.3225297753333334,random_forest,1
126,0.28049429122052627,0.03514503254795532,-0.01815848257142863,1.1666666666666667,0.231058,0.21289951742857138,random_forest,1
127,0.2680675049655149,0.047461372668760674,-0.07523913066666654,1.0,0.27376,0.19852086933333346,random_forest,1
128,-1.8283880295677077,0.07054969001185217,0.38472710133333365,0.5,0.165432,0.5501591013333337,random_forest,1
129,0.30390481493500177,0.03101074009807293,0.017935624666666677,1.0,0.165027,0.18296262466666668,random_forest,1
130,0.6517877368516107,0.020184520850224263,0.0006973599999999802,19.666666666666668,0.143828,0.14452536,random_forest,1
131,0.9764474789269357,0.03776862056305159,0.03141580600000016,1.0,0.915913,0.9473288060000001,random_forest,1
132,0.3257922985418985,0.02479393669693107,0.0014831800000000561,1.0,0.158637,0.16012018000000006,random_forest,1
133,0.9451456816269272,0.17527836994632623,-0.6046885233333334,0.6666666666666666,2.674709,2.0700204766666666,random_forest,1
134,-0.6561937955633892,0.033224655172410814,-0.004890191460317467,1.0,0.13267,0.12777980853968254,random_forest,1
135,0.39877507677684254,0.06827017484477399,-0.07788623400000005,1.6666666666666667,0.50573,0.42784376599999996,random_forest,1
136,0.23366218674313055,0.046417720867490894,0.034046603333333314,0.5,0.290698,0.3247446033333333,random_forest,1
137,-0.9912135279910685,0.12614932440512563,-0.02160597666666675,0.6666666666666666,0.371031,0.34942502333333325,random_forest,1
138,0.5458194751290564,0.056168882389034454,-0.05558437466666666,0.8333333333333334,0.298407,0.24282262533333332,random_forest,1
139,-1.1772494931245743,0.03736472939832469,0.08465428787301582,0.8333333333333334,0.138553,0.22320728787301583,random_forest,1
140,0.7579052721756728,0.030054170271502575,0.07170571599999975,-0.8333333333333334,0.189471,0.26117671599999975,random_forest,1
141,0.03187816932104581,0.04068074176826232,-0.003504894444444434,0.6666666666666666,0.181661,0.17815610555555556,random_forest,1
142,0.9587804768857913,0.035510724581014425,0.03678808466666672,1.0,0.480981,0.5177690846666667,random_forest,1
143,-0.36647804651822535,0.032088193524889154,0.040671249571428536,1.1666666666666667,0.139466,0.18013724957142854,random_forest,1
144,0.45633271671783326,0.028839754660373314,-0.02150117400000004,0.8333333333333334,0.149711,0.12820982599999997,random_forest,1
145,-1.0631886287504715,0.047895764420879894,0.14461705333333336,-1.5,0.123035,0.26765205333333336,random_forest,1
146,0.17716465385136337,0.04716168012454477,0.028360124666666736,1.0,0.20144,0.22980012466666674,random_forest,1
147,-0.319384343925984,0.04610237104728952,0.06955766333333332,0.5,0.139872,0.20942966333333332,random_forest,1
148,0.07700604005857614,0.07055044212640897,0.19351358333333318,0.8333333333333334,0.250735,0.44424858333333317,random_forest,1
149,0.5976050871145517,0.09686872970410916,-0.11681841666666681,0.8333333333333334,0.746119,0.6293005833333332,random_forest,1
150,0.979035471518936,0.02371723510866556,0.010864896666667012,-0.5,0.50715,0.518014896666667,random_forest,1
151,-1.8432248070672532,0.034074455318611564,0.05925043400000013,1.0,0.103763,0.16301343400000012,random_forest,1
152,-0.04278545586995586,0.01786493309938476,-0.0010652266666666688,1.0,0.116442,0.11537677333333334,random_forest,1
153,0.17268707049577392,0.03381795602577806,0.02686365403174601,0.8333333333333334,0.150928,0.17779165403174602,random_forest,1
154,0.08631809815768932,0.033520533251590844,0.0024616175555555453,1.0,0.189268,0.19172961755555554,random_forest,1
155,0.9667116355944886,0.02688097312754467,0.01040618399999993,-0.3333333333333333,0.438583,0.44898918399999993,random_forest,1
156,-1.6313708752855325,0.034882210042487795,0.03258101733333335,-1.1666666666666667,0.103357,0.13593801733333336,random_forest,1
157,0.8289868042379339,0.028758271309316467,-0.06990368866666685,0.5,0.388274,0.31837031133333316,random_forest,1
158,-1.5582194583405427,0.04357844893013738,0.12480797000000013,-0.6666666666666666,0.174662,0.29946997000000014,random_forest,1
159,0.7651477764012697,0.029770895696381593,-0.07653195606349206,0.3333333333333333,0.371538,0.2950060439365079,random_forest,1
160,-5.672541847430745,0.09035689222149307,0.14743630600000004,-0.6666666666666666,0.116644,0.26408030600000004,random_forest,1
161,0.4818730247203228,0.039215560495767784,0.07630018666666674,-0.16666666666666666,0.20073,0.27703018666666673,random_forest,1
162,-0.35861470142892604,0.0694268340489875,0.09236046533333328,0.3333333333333333,0.20641,0.2987704653333333,random_forest,1
163,0.5832492155191866,0.06329261465233613,-0.12759852666666657,0.6666666666666666,0.3754,0.24780147333333344,random_forest,1
164,0.25866782737858507,0.05728054356378583,-0.051869243333333426,1.3333333333333333,0.3842,0.33233075666666656,random_forest,1
165,0.6266333152526355,0.03968803944501197,0.043125054666666884,6.666666666666667,0.2718,0.31492505466666687,random_forest,1
166,0.457756955601444,0.034292951107349846,0.06577905933333339,0.6666666666666666,0.167258,0.23303705933333338,random_forest,1
167,0.5060712417936372,0.03399046490803071,-0.0039040247936508177,-0.5,0.1915,0.18759597520634919,random_forest,1
168,0.36077844251086244,0.017769943747216948,-0.01098576333333326,1.0,0.147885,0.13689923666666673,random_forest,1
169,0.7573786919117279,0.021590985521423304,-0.016570140666666594,0.8333333333333334,0.225601,0.2090308593333334,random_forest,1
170,0.38160147296938385,0.07024372486618707,-0.21966959733333338,1.6666666666666667,0.456834,0.23716440266666663,random_forest,1
171,0.8559424019078092,0.012289872540099661,0.019081648000000007,-28.166666666666668,0.124117,0.143198648,random_forest,1
172,0.9350011473336339,0.06611353733899712,-0.015788910892857055,0.16666666666666666,1.18902,1.173231089107143,random_forest,1
173,0.9026278333475619,0.03366844910450341,-0.025164220666666848,-1.6666666666666667,0.422724,0.39755977933333314,random_forest,1
174,0.29662681051698314,0.041842146350047446,0.03749942999999989,1.1666666666666667,0.202523,0.2400224299999999,random_forest,1
175,-15.322256299918124,0.10661528863904021,0.19715380860317452,-1.1666666666666667,0.126636,0.3237898086031745,random_forest,1
119,-7.444544791519055,0.040302974509363376,0.24221428333333334,5.666666666666667,0.053413,0.2956272833333333,random_forest,6
120,-7.023876066164325,0.03960406679716518,0.24221428333333334,5.666666666666667,0.053413,0.2956272833333333,random_forest,6
121,,0.03974556600805133,0.05461876066666666,0.8333333333333334,0.0,0.05461876066666666,random_forest,6
122,-1.9598583756095533,0.04600653330710298,0.015023046666666637,-2.3333333333333335,0.110254,0.12527704666666664,random_forest,6
123,-16.006249233937297,0.045728790196162786,0.12519329399999998,0.0,0.028421,0.15361429399999998,random_forest,6
124,-125.05168624240382,0.143014403485471,0.35354412685714304,4.166666666666667,0.033573,0.38711712685714306,random_forest,6
125,-57.10584627271074,0.5967105824313846,0.7737541433333335,9.5,0.292017,1.0657711433333334,random_forest,6
126,-0.5896058449812736,0.05512481735138479,-0.052925394000000014,18.333333333333332,0.231058,0.178132606,random_forest,6
127,-0.19312237559488277,0.06723175052787433,0.1642394473333333,0.8333333333333334,0.27376,0.4379994473333333,random_forest,6
128,-2.523898613982643,0.09162518113161404,0.24629816600000007,4.833333333333333,0.165432,0.41173016600000006,random_forest,6
129,-9.729546837163992,0.10754082810740864,0.20099475399999994,7.0,0.138249,0.33924375399999995,random_forest,6
130,-16.051084042818186,0.18282305743407598,0.18156087533333337,0.6666666666666666,0.143828,0.3253888753333334,random_forest,6
131,0.507164510666258,0.14929064660402544,0.0654503500000001,6.166666666666667,0.915913,0.9813633500000001,random_forest,6
132,-12.85138744354857,0.07829646500244834,0.18354905333333338,-0.6666666666666666,0.051293,0.23484205333333338,random_forest,6
133,0.3849289384552118,0.5455054750528047,-1.1058385066666663,6.166666666666667,2.674709,1.5688704933333337,random_forest,6
134,-5.143923564115215,0.07547830211979994,0.030831734317460308,6.0,0.13267,0.16350173431746032,random_forest,6
135,-0.6744443920611229,0.11746805558015218,-0.05892614533333346,5.166666666666667,0.50573,0.44680385466666656,random_forest,6
136,-17.858572079986214,0.08124600248836487,0.2006236284126985,-0.5,0.055198,0.2558216284126985,random_forest,6
137,,0.22862477425806088,0.5101812646666665,3.6666666666666665,0.0,0.5101812646666665,random_forest,6
138,-35.375270463340364,0.14146271529181034,0.2953761609841271,3.0,0.069216,0.3645921609841271,random_forest,6
139,-44.13284432647893,0.2213595734146241,0.401565576,4.833333333333333,0.138553,0.540118576,random_forest,6
140,-0.695819969501098,0.08524385199224227,0.09744986799999997,0.16666666666666666,0.183588,0.28103786799999997,random_forest,6
141,-1.1028078836070998,0.07433083147490013,-0.03305787866666668,0.0,0.181661,0.1486031213333333,random_forest,6
142,0.7436030993011132,0.0861332917857558,0.056378372380952224,23.0,0.480981,0.5373593723809522,random_forest,6
143,-5.1592559760448795,0.08727850829092103,0.08673784666666665,5.833333333333333,0.139466,0.22620384666666665,random_forest,6
144,-143.1313862585459,0.03438258258214998,0.0682086534920635,0.0,0.012587,0.0807956534920635,random_forest,6
145,-81.5329449138305,0.07489715235229912,0.26249493498412696,0.0,0.028857,0.291351934984127,random_forest,6
146,-26.619452097465025,0.1230657129447736,0.30517379,0.3333333333333333,0.065656,0.37082979,random_forest,6
147,,0.09888151021130423,0.23616703730158728,0.0,0.0,0.23616703730158728,random_forest,6
148,-1104.5201179587577,0.29532531447222876,0.4469958000000003,2.8333333333333335,0.031251,0.4782468000000003,random_forest,6
149,-14.078278869994884,0.22277855145240794,1.0338092300000001,0.5,0.175981,1.20979023,random_forest,6
150,0.9572929787837083,0.03413267370824321,0.01355934466666675,-1.0,0.50715,0.5207093446666667,random_forest,6
151,-31.608357218694792,0.11095521050068725,0.26946876666666664,5.666666666666667,0.051313,0.32078176666666663,random_forest,6
152,-5.4819381796941355,0.04811213647648662,0.024216720952380907,14.0,0.116442,0.1406587209523809,random_forest,6
153,-38.48819792802162,0.07659375452377255,0.10529197215873018,1.8333333333333333,0.039659,0.14495097215873018,random_forest,6
154,-1.1216441546751343,0.06042902366629397,0.03851554533333326,12.666666666666666,0.189268,0.22778354533333325,random_forest,6
155,0.5618788955619924,0.09552839876487784,0.12275597819047629,4.166666666666667,0.438583,0.5613389781904763,random_forest,6
156,-12.131678313728257,0.09396631939703486,0.20996079466666676,3.3333333333333335,0.103357,0.31331779466666676,random_forest,6
157,-22.700531433388004,0.030505175111446722,0.09637951600000003,0.0,0.019779,0.11615851600000003,random_forest,6
158,-29.981835803846685,0.08643296411986191,0.21827825800000009,-3.3333333333333335,0.046283,0.2645612580000001,random_forest,6
159,-3.2585658164493525,0.026332957135019108,0.18702018853968258,0.0,0.029242,0.21626218853968257,random_forest,6
160,-63.06660857785873,0.09203389202823746,0.24476538333333334,-5.0,0.029861,0.27462638333333333,random_forest,6
161,,0.06847090147785503,0.36021034400000024,0.0,0.0,0.36021034400000024,random_forest,6
162,,0.06981420270081454,0.22124143133333343,0.0,0.0,0.22124143133333343,random_forest,6
163,,0.11519182584837127,0.18316845815873023,0.0,0.0,0.18316845815873023,random_forest,6
164,-0.5100766069012725,0.10672504670496308,-0.00853959333333365,-19.833333333333332,0.4029,0.39436040666666633,random_forest,6
165,-1.12753864525122,0.08282387570266285,-0.05491537266666663,4.333333333333333,0.2274,0.17248462733333336,random_forest,6
166,-4.086307266888127,0.10524904557775358,0.14795951666666665,12.333333333333334,0.163708,0.31166751666666664,random_forest,6
167,-148.2420970920773,0.0793282550936055,0.2880319136507936,0.0,0.026727,0.3147589136507936,random_forest,6
168,-1.6732829049160332,0.04450579702734654,-0.018246916984127004,4.5,0.147885,0.12963808301587298,random_forest,6
169,-6.877912617766934,0.048650497904508615,0.11540450555555551,1.5,0.053694,0.1690985055555555,random_forest,6
170,-3.1283121016212947,0.07221563775386972,0.09611031266666659,2.8333333333333335,0.131314,0.22742431266666657,random_forest,6
171,-1.5834334720427803,0.06066494883247656,0.10969256600000002,-8.5,0.124117,0.23380956600000002,random_forest,6
172,0.596402235628319,0.1459357610810326,-0.0995488107142859,6.5,1.18902,1.089471189285714,random_forest,6
173,0.7716077315736769,0.05389733072497669,-0.02314054133333343,4.833333333333333,0.422724,0.39958345866666656,random_forest,6
174,-2.2985525281900125,0.0961176585811407,-0.007952628000000073,5.333333333333333,0.202523,0.19457037199999994,random_forest,6
175,-10.834209592347973,0.09690502320430636,0.10587350399999998,-2.1666666666666665,0.126636,0.23250950399999998,random_forest,6
119,-29.16539804002551,0.058145269365046603,0.26035674676190473,0.0,0.031453,0.29180974676190474,random_forest,24
120,-22.49363394359079,0.04271838028461103,0.07407476533333332,2.3333333333333335,0.028482,0.10255676533333333,random_forest,24
121,,0.061302697961680405,0.10187748,3.0,0.0,0.10187748,random_forest,24
122,,0.020468189098582293,0.03915621673015873,5.166666666666667,0.0,0.03915621673015873,random_forest,24
123,,0.02158341969698782,0.05000155266666667,8.333333333333334,0.0,0.05000155266666667,random_forest,24
124,,0.0316042563797319,0.08652459066666668,1.0,0.0,0.08652459066666668,random_forest,24
125,,0.3075587697867276,0.3845468240000002,4.833333333333333,0.0,0.3845468240000002,random_forest,24
126,-32.46515744113076,0.07583164675991619,0.08855582333333331,19.666666666666668,0.045765,0.1343208233333333,random_forest,24
127,,0.06550932473112704,0.13014890888888886,4.5,0.0,0.13014890888888886,random_forest,24
128,,0.2056468069856411,0.4126592909523811,8.166666666666666,0.0,0.4126592909523811,random_forest,24
129,,0.06432435429180904,0.14741207333333337,7.5,0.0,0.14741207333333337,random_forest,24
130,-26.298831347327596,0.28166305005098613,0.5459103853333338,0.5,0.132975,0.6788853853333338,random_forest,24
131,-0.12132941251133489,0.17758158434683088,-0.046703826666666504,27.0,0.915913,0.8692091733333335,random_forest,24
132,,0.11838086283400436,0.2775003306666666,9.5,0.0,0.2775003306666666,random_forest,24
133,-2.818625587397679,1.0335379947681549,-1.4931360635119049,29.166666666666668,2.674709,1.1815729364880951,random_forest,24
134,,0.03483465966689516,0.0661528053333333,6.666666666666667,0.0,0.0661528053333333,random_forest,24
135,-12.7781664532695,0.28454077968577557,0.2771284274285716,25.833333333333332,0.50573,0.7828584274285716,random_forest,24
136,,0.10593209991234326,0.24019949666666665,1.6666666666666667,0.0,0.24019949666666665,random_forest,24
137,,0.17587232681717527,0.3120647313333331,3.8333333333333335,0.0,0.3120647313333331,random_forest,24
138,,0.19737981427402218,0.2469600733333333,12.0,0.0,0.2469600733333333,random_forest,24
139,-6.169161982292575,0.22098945166060965,0.4096632213333335,-3.0,0.189471,0.5991342213333335,random_forest,24
140,,0.18431368925451877,0.2500633346666667,13.666666666666666,0.0,0.2500633346666667,random_forest,24
141,,0.11161345361321852,0.17348438000000002,6.666666666666667,0.0,0.17348438000000002,random_forest,24
142,-0.06552917834651084,0.1382541894112846,0.40992948266666696,1.0,0.480981,0.890910482666667,random_forest,24
143,,0.39742206732055,0.663262303333333,6.166666666666667,0.0,0.663262303333333,random_forest,24
144,,0.010154586234013597,0.027921703682539684,0.3333333333333333,0.0,0.027921703682539684,random_forest,24
145,,0.05871362999134453,0.16259987200000003,0.0,0.0,0.16259987200000003,random_forest,24
146,,0.2751848662029489,0.5463324428571424,1.6666666666666667,0.0,0.5463324428571424,random_forest,24
147,,0.10739772680579572,0.1966689266666667,0.16666666666666666,0.0,0.1966689266666667,random_forest,24
148,,0.10812813052615343,0.17404222933333335,3.0,0.0,0.17404222933333335,random_forest,24
149,,0.7591242740787315,1.0043420619999996,7.0,0.0,1.0043420619999996,random_forest,24
150,0.6118585594906412,0.11683812356585724,0.1645024412380952,10.0,0.50715,0.6716524412380952,random_forest,24
151,,0.06625824466592432,0.09171444533333332,17.0,0.0,0.09171444533333332,random_forest,24
152,-312.05903579068206,0.2312238095508893,0.5542185319999998,19.333333333333332,0.042286,0.5965045319999999,random_forest,24
153,,0.08722435807159495,0.152405794,2.8333333333333335,0.0,0.152405794,random_forest,24
154,,0.33711341317828375,0.6139955099999999,6.333333333333333,0.0,0.6139955099999999,random_forest,24
155,-0.22236255643246228,0.14207988061898225,0.300785978,9.666666666666666,0.438583,0.739368978,random_forest,24
156,,0.03622538178166351,0.07188509333333332,8.333333333333334,0.0,0.07188509333333332,random_forest,24
157,,0.018394214643327054,0.06511512666666665,0.16666666666666666,0.0,0.06511512666666665,random_forest,24
158,-63.86157478082498,0.027134223827315347,0.11841184333333338,1.0,0.024059,0.14247084333333337,random_forest,24
159,,0.03228055422916813,0.049334502380952376,1.3333333333333333,0.0,0.049334502380952376,random_forest,24
160,,0.05804483613812234,0.16228429682539683,0.3333333333333333,0.0,0.16228429682539683,random_forest,24
161,,0.01865723077225116,0.06294583666666667,5.833333333333333,0.0,0.06294583666666667,random_forest,24
162,,0.03782973144760018,0.08333553984126983,4.833333333333333,0.0,0.08333553984126983,random_forest,24
163,,0.11119230462892958,0.18308294088888888,1.1666666666666667,0.0,0.18308294088888888,random_forest,24
164,-0.6688841932552003,0.11163128623356824,-0.18870306666666667,2.8333333333333335,0.4029,0.2141969333333333,random_forest,24
165,,0.17059340143767118,0.4549865782857143,0.16666666666666666,0.0,0.4549865782857143,random_forest,24
166,,0.12103827860057714,0.1792788040000001,7.333333333333333,0.0,0.1792788040000001,random_forest,24
167,,0.07639070758831093,0.13025162599999998,0.16666666666666666,0.0,0.13025162599999998,random_forest,24
168,-6.318443273979815,0.08120949701384332,0.0191407086666667,12.833333333333334,0.147885,0.1670257086666667,random_forest,24
169,,0.08300783400502405,0.22370583466666663,1.6666666666666667,0.0,0.22370583466666663,random_forest,24
170,,0.16070969358751286,0.2791258226666667,8.0,0.0,0.2791258226666667,random_forest,24
171,-22.952276627043815,0.23962917648536988,0.5284142446666664,19.666666666666668,0.124117,0.6525312446666665,random_forest,24
172,-16.288064248332148,0.49527603142969173,0.4963268233333342,-23.833333333333332,1.18902,1.6853468233333342,random_forest,24
173,0.5858234597261438,0.06883643043898198,-0.09547077266666676,12.5,0.41136,0.31588922733333324,random_forest,24
174,-312.1007416559653,0.09974512145962809,0.22543379400000005,-0.3333333333333333,0.016811,0.24224479400000004,random_forest,24
175,-1892.6416230719915,0.16942314909545114,0.3324347826666665,7.0,0.016102,0.3485367826666665,random_forest,24
119,0.31389838319677976,0.031378076674497365,0.16035737693405153,0.16666666666666666,0.230449,0.3908063769340515,xgboost,1
120,0.4353097709673315,0.013985671649257486,0.011475906031608585,0.0,0.122832,0.13430790603160858,xgboost,1
121,0.2077964249682973,0.04720386022978486,0.05736530533981324,0.0,0.194238,0.25160330533981323,xgboost,1
122,-0.4504201692892693,0.02470999563224673,0.003528845437526698,-0.6666666666666666,0.110254,0.1137828454375267,xgboost,1
123,0.36553099730705574,0.0360907028387011,0.08253518921279906,0.3333333333333333,0.195861,0.2783961892127991,xgboost,1
124,0.6572054310754021,0.03582506481401247,-0.03428697699069977,0.0,0.27731,0.24302302300930023,xgboost,1
125,-3.2795462152151815,0.1514879010341863,0.22940318079757688,0.8333333333333334,0.292017,0.5214201807975769,xgboost,1
126,0.04643656886604541,0.040459603426602896,-0.018113343389511122,1.1666666666666667,0.231058,0.2129446566104889,xgboost,1
127,0.3645271322354682,0.04422351786759986,-0.09139726472854615,1.0,0.27376,0.18236273527145386,xgboost,1
128,-0.646083190084981,0.05382096800031386,0.20265469567108155,0.5,0.165432,0.36808669567108154,xgboost,1
129,0.28068905565237035,0.03152362484197943,-0.021475233127594,0.8333333333333334,0.165027,0.143551766872406,xgboost,1
130,-0.3399992146453614,0.03959576019861508,0.04856731457424163,22.333333333333332,0.143828,0.19239531457424164,xgboost,1
131,0.9424908738650635,0.05901749975812278,0.019106791126251244,1.1666666666666667,0.915913,0.9350197911262512,xgboost,1
132,0.3495422657681282,0.024353319949087883,-0.005963755523681641,1.0,0.158637,0.15267324447631836,xgboost,1
133,0.9630435997462297,0.1438691723935994,-0.35862986029052735,-8.166666666666666,2.674709,2.3160791397094727,xgboost,1
134,-0.981902522934132,0.036345115290416626,-0.0194195357990265,1.1666666666666667,0.13267,0.11325046420097351,xgboost,1
135,0.5771383006960973,0.05725477373014593,-0.13573112771987916,-9.166666666666666,0.50573,0.36999887228012085,xgboost,1
136,0.3175520429960742,0.04380346377639524,0.01754023809623717,0.5,0.290698,0.3082382380962372,xgboost,1
137,-1.14021607600628,0.1307840622859551,-0.04989229021644592,0.6666666666666666,0.371031,0.3211387097835541,xgboost,1
138,0.6374101105190586,0.05018678480963694,-0.020183425838470437,0.3333333333333333,0.298407,0.27822357416152954,xgboost,1
139,-0.7628127433849947,0.03362101597395567,0.11863833019447326,0.8333333333333334,0.138553,0.25719133019447327,xgboost,1
140,0.7995386187073499,0.027348117424928882,0.05589742107772827,-0.8333333333333334,0.189471,0.24536842107772827,xgboost,1
141,0.19440403476034185,0.03710927739807788,0.00988180424118043,0.6666666666666666,0.181661,0.19154280424118042,xgboost,1
142,0.9582866663081662,0.03572280084052049,0.013529591030120858,0.5,0.480981,0.49451059103012085,xgboost,1
143,0.14695681870466704,0.02535300527192507,0.013776886066436761,0.3333333333333333,0.139466,0.15324288606643677,xgboost,1
144,0.21164233413208822,0.03472854669885489,-0.024268167291641246,0.6666666666666666,0.149711,0.12544283270835876,xgboost,1
145,-0.886779058976954,0.045802392595697176,0.1482006150150299,-1.5,0.123035,0.2712356150150299,xgboost,1
146,-1.1178821699574177,0.07566302420779754,0.22784948998451232,0.3333333333333333,0.20144,0.42928948998451233,xgboost,1
147,0.20499755662059949,0.03578671463983245,0.05602969191360474,0.3333333333333333,0.139872,0.19590169191360474,xgboost,1
148,0.21635051448390652,0.06500716649908327,0.23044897593498231,0.8333333333333334,0.250735,0.4811839759349823,xgboost,1
149,0.6881526741656481,0.08527630532618785,-0.2754766717376709,1.3333333333333333,0.746119,0.4706423282623291,xgboost,1
150,0.976112966071181,0.02531643926294554,0.016029233074188243,-1.1666666666666667,0.50715,0.5231792330741882,xgboost,1
151,-2.385070448604493,0.03717981104193458,0.05104343510818482,-0.16666666666666666,0.103763,0.15480643510818481,xgboost,1
152,0.06005987951608682,0.016961099632888842,-0.004009169964313511,1.0,0.116442,0.11243283003568649,xgboost,1
153,0.454563777580443,0.027458982308669274,0.014225056383132928,1.0,0.150928,0.16515305638313293,xgboost,1
154,0.4602157360831872,0.025764606707272732,-0.024764753454208366,1.0,0.189268,0.16450324654579163,xgboost,1
155,0.9710899064369702,0.025050910007440533,0.023185418550491332,-1.0,0.438583,0.46176841855049133,xgboost,1
156,-1.8603049736059147,0.03636797599707122,0.05858764266300201,-1.1666666666666667,0.103357,0.16194464266300201,xgboost,1
157,0.8194356216530507,0.029550443529017048,0.017940505434036247,0.5,0.388274,0.40621450543403625,xgboost,1
158,-1.6140890887683135,0.044051739435719,0.1772463559513092,-0.6666666666666666,0.174662,0.3519083559513092,xgboost,1
159,0.7837240904808925,0.02856923664751616,-0.07121844757843016,-0.16666666666666666,0.371538,0.3003195524215698,xgboost,1
160,-5.285208073558286,0.08769512711234145,0.18037619691467285,-1.5,0.116644,0.29702019691467285,xgboost,1
161,0.21857716529462723,0.048159655745623024,0.09433537318229676,-0.16666666666666666,0.20073,0.29506537318229675,xgboost,1
162,-0.8560228142907154,0.08114669973362916,0.1495821085834503,0.0,0.20641,0.3559921085834503,xgboost,1
163,0.6355943406764964,0.05918441789889354,-0.11810129203796388,0.0,0.3754,0.25729870796203613,xgboost,1
164,0.11534182349713007,0.06257321281865609,-0.07456477804183959,0.8333333333333334,0.3842,0.3096352219581604,xgboost,1
165,0.6427575990799019,0.0388215940214349,-0.005247760343551622,6.666666666666667,0.2718,0.26655223965644836,xgboost,1
166,-0.17922896891291984,0.0505716280555173,0.1272318307323456,0.6666666666666666,0.167258,0.2944898307323456,xgboost,1
167,0.578901237722137,0.031384624049813924,-0.02417687261104584,-0.5,0.1915,0.16732312738895416,xgboost,1
168,0.34407373173322087,0.01800063635082894,-0.024928083310127247,-20.0,0.147885,0.12295691668987274,xgboost,1
169,0.7122835463318434,0.023512041821244053,-0.04622208814716339,1.0,0.225601,0.1793789118528366,xgboost,1
170,0.28119860316292644,0.07573171051509138,-0.0650687631454468,1.0,0.456834,0.3917652368545532,xgboost,1
171,0.7980595066869994,0.014550938344123823,0.014516102178573603,1.0,0.124117,0.1386331021785736,xgboost,1
172,0.9211228708600843,0.07283046731508049,-0.022834501762390103,0.16666666666666666,1.18902,1.1661854982376099,xgboost,1
173,0.8024320822583957,0.04795831391568202,-0.03262337186241149,-1.3333333333333333,0.422724,0.3901006281375885,xgboost,1
174,0.563677268373183,0.032955277183052356,0.03379292094898223,0.0,0.202523,0.23631592094898224,xgboost,1
175,-24.63841277898221,0.1336210740116998,0.20705202070617676,-6.833333333333333,0.126636,0.33368802070617676,xgboost,1
119,-34.603589900626886,0.08275531060479831,0.21534872423362733,-6.0,0.053413,0.2687617242336273,xgboost,6
120,-33.567146955137666,0.08220144391841,0.21534872423362733,-6.0,0.053413,0.2687617242336273,xgboost,6
121,,0.05245784531804229,0.11462516337633133,3.8333333333333335,0.0,0.11462516337633133,xgboost,6
122,-2.104112034275799,0.04711429941444054,0.10552153451061248,3.6666666666666665,0.110254,0.2157755345106125,xgboost,6
123,-53.15228407068672,0.08160069011294668,0.10798189008617401,3.3333333333333335,0.028421,0.136402890086174,xgboost,6
124,-71.588996472346,0.10852776149950571,0.2207568900127411,5.333333333333333,0.033573,0.2543298900127411,xgboost,6
125,-9.051099090329094,0.24817646935943,0.1413548419075012,9.5,0.292017,0.4333718419075012,xgboost,6
126,-0.3310750946776231,0.05044332629789809,-0.05352257040309907,10.5,0.231058,0.17753542959690094,xgboost,6
127,0.2875030381409296,0.05195453143751096,0.04526915239334106,0.8333333333333334,0.27376,0.31902915239334106,xgboost,6
128,-1.8721797941788094,0.08271970083530761,0.2162399651222229,6.833333333333333,0.165432,0.3816719651222229,xgboost,6
129,-48.616472088497176,0.23125739381658164,0.4597949782142639,7.0,0.138249,0.5980439782142639,xgboost,6
130,-63.87192895953034,0.35660167271028104,0.4388577089996338,-5.0,0.143828,0.5826857089996338,xgboost,6
131,0.18076668786240646,0.19247991303925369,0.2178327895278931,6.166666666666667,0.915913,1.133745789527893,xgboost,6
132,-72.97199806860853,0.1809377522097214,0.4087561523742676,-0.3333333333333333,0.051293,0.4600491523742676,xgboost,6
133,0.3609793331566409,0.5560244877352299,-1.1646343845214844,-1.0,2.674709,1.5100746154785156,xgboost,6
134,-22.984973508772583,0.1491313130580902,0.2753405423927307,6.166666666666667,0.13267,0.4080105423927307,xgboost,6
135,-1.0819643924856166,0.1309848491221617,-0.14481791542053224,7.0,0.50573,0.3609120845794678,xgboost,6
136,-9.878571873653229,0.06170687334047468,0.12442666180324555,-0.5,0.055198,0.17962466180324554,xgboost,6
137,,0.19330670978641223,0.5049020051956177,3.6666666666666665,0.0,0.5049020051956177,xgboost,6
138,-18.725853323892377,0.10417338445167543,0.20112572415733337,3.8333333333333335,0.069216,0.2703417241573334,xgboost,6
139,-30.120973219255198,0.18381398144287775,0.3156201178760528,5.5,0.138553,0.45417311787605286,xgboost,6
140,-0.37055707926771575,0.07663404636587391,0.15391492658805847,0.0,0.183588,0.33750292658805847,xgboost,6
141,-1.5988929274341004,0.08263487723928445,0.014644096149444591,7.0,0.181661,0.19630509614944458,xgboost,6
142,0.5675109244987818,0.11186706154462209,0.22433196730041505,-18.333333333333332,0.480981,0.705312967300415,xgboost,6
143,-2.9792063730919622,0.07015222014357456,0.02999545892143249,4.5,0.139466,0.1694614589214325,xgboost,6
144,-24.7322258165629,0.014527734351266912,0.01115732422220707,2.1666666666666665,0.012587,0.02374432422220707,xgboost,6
145,-523.935975960417,0.18888818945480715,0.3638147638969421,0.16666666666666666,0.028857,0.39267176389694214,xgboost,6
146,-16.982970299593624,0.09930251686327024,0.28521803655052186,2.6666666666666665,0.065656,0.35087403655052185,xgboost,6
147,,0.13104009813782225,0.40644368529319763,4.333333333333333,0.0,0.40644368529319763,xgboost,6
148,-573.2107624861628,0.2128398842833852,0.30970327393913266,2.8333333333333335,0.031251,0.3409542739391327,xgboost,6
149,-8.781804766803551,0.1794349282726262,0.8560146541061402,0.5,0.175981,1.0319956541061401,xgboost,6
150,0.947466518691391,0.0378563518642474,0.04172855052947999,3.1666666666666665,0.50715,0.54887855052948,xgboost,6
151,-44.56359455556746,0.13115722852207537,0.23976482244682312,6.0,0.051313,0.2910778224468231,xgboost,6
152,-5.388882609231601,0.04776553588904677,-0.0005694082660675087,29.333333333333332,0.116442,0.1158725917339325,xgboost,6
153,-32.36084801365126,0.0704009049930446,0.12110027019119263,2.6666666666666665,0.039659,0.16075927019119263,xgboost,6
154,-0.3113589807387944,0.04750836696249763,-0.06754961567449569,6.166666666666667,0.189268,0.1217183843255043,xgboost,6
155,0.606383342793724,0.09054659966441114,0.14014913291168213,-8.166666666666666,0.438583,0.5787321329116821,xgboost,6
156,-7.799387957440981,0.07691983277276772,0.11998306428718566,3.3333333333333335,0.103357,0.22334006428718567,xgboost,6
157,-28.581585396221595,0.03408044078662578,0.22730473844623567,0.16666666666666666,0.019779,0.24708373844623566,xgboost,6
158,-24.320952307202024,0.07813864044082922,0.2609855599327087,-2.3333333333333335,0.046283,0.30726855993270874,xgboost,6
159,-7.857177746601666,0.037976560666498016,0.1840047180490494,0.0,0.029242,0.21324671804904938,xgboost,6
160,-83.58407264918962,0.10574898728701547,0.19364239591503143,0.0,0.029861,0.22350339591503143,xgboost,6
161,,0.0811254616010944,0.2870463728904724,0.0,0.0,0.2870463728904724,xgboost,6
162,,0.07351896319182198,0.14800144731998444,0.0,0.0,0.14800144731998444,xgboost,6
163,,0.08859183349488815,0.1757294088602066,0.0,0.0,0.1757294088602066,xgboost,6
164,-0.2966643001877929,0.09889643593546266,-0.15380186297893522,-19.833333333333332,0.4029,0.24909813702106476,xgboost,6
165,-1.7818924404852687,0.09470807026235943,0.07033128032684327,4.833333333333333,0.2274,0.29773128032684326,xgboost,6
166,-1.9607395947589223,0.08030026449416842,-0.0028135315732955857,4.166666666666667,0.163708,0.1608944684267044,xgboost,6
167,-61.75437677449441,0.05144038858205735,0.134620895860672,0.16666666666666666,0.026727,0.161347895860672,xgboost,6
168,-2.03312915813268,0.04740668356488915,0.014894793143272411,7.166666666666667,0.147885,0.1627797931432724,xgboost,6
169,-5.668381454531708,0.04476019060069256,0.11745544756031037,0.3333333333333333,0.053694,0.17114944756031036,xgboost,6
170,-0.6408331553773885,0.045527856226069925,0.07702139962768556,0.3333333333333333,0.131314,0.20833539962768555,xgboost,6
171,-2.3544101317793857,0.06912693084137592,0.18772356401252746,-21.333333333333332,0.124117,0.31184056401252747,xgboost,6
172,0.6388721458943414,0.13804409853729568,-0.09238680412292477,6.166666666666667,1.18902,1.0966331958770752,xgboost,6
173,0.7596065143957846,0.05529526013105077,-0.06317721941375731,2.6666666666666665,0.422724,0.3595467805862427,xgboost,6
174,-1.9591516748849518,0.09103850004809133,-0.003411597965240487,4.833333333333333,0.202523,0.19911140203475952,xgboost,6
175,-5.9269652762747755,0.07413924632841769,0.11938564328098297,0.0,0.126636,0.24602164328098297,xgboost,6
119,-72.78398370803622,0.09093705940520262,0.2533755734653473,22.333333333333332,0.031453,0.2848285734653473,xgboost,24
120,-90.44702965187845,0.08427999097900123,0.2563465734653473,20.5,0.028482,0.2848285734653473,xgboost,24
121,,0.05579083748959841,0.07466476410627365,0.0,0.0,0.07466476410627365,xgboost,24
122,,0.023339548704703863,0.05692899599671364,2.3333333333333335,0.0,0.05692899599671364,xgboost,24
123,,0.023704526956388243,0.05172629654407501,0.6666666666666666,0.0,0.05172629654407501,xgboost,24
124,,0.03068203340895178,0.0578998327255249,7.833333333333333,0.0,0.0578998327255249,xgboost,24
125,,0.33854719248762083,0.46448832750320435,20.333333333333332,0.0,0.46448832750320435,xgboost,24
126,-12.1302471807419,0.04749966010083403,0.1047605401134491,13.5,0.045765,0.1505255401134491,xgboost,24
127,,0.06682715065837645,0.16983754932880402,3.3333333333333335,0.0,0.16983754932880402,xgboost,24
128,,0.1404389749372852,0.3390813171863556,6.333333333333333,0.0,0.3390813171863556,xgboost,24
129,,0.38337232677850447,0.5352762341499329,7.166666666666667,0.0,0.5352762341499329,xgboost,24
130,-113.38906780840011,0.5765674364176996,0.6269904793739318,2.0,0.132975,0.7599654793739319,xgboost,24
131,-0.6011219398531029,0.21219909322637803,-0.1338656090621948,31.0,0.915913,0.7820473909378052,xgboost,24
132,,0.1800616319734642,0.3186582922935486,0.5,0.0,0.3186582922935486,xgboost,24
133,-2.7131381211165237,1.0191625570584126,-1.6489950794067383,56.5,2.674709,1.0257139205932617,xgboost,24
134,,0.06017399425359483,0.1620621532201767,5.833333333333333,0.0,0.1620621532201767,xgboost,24
135,-10.822764365061397,0.26357749160140875,0.2779345245552063,24.333333333333332,0.50573,0.7836645245552063,xgboost,24
136,,0.07839631464264936,0.25528839230537415,2.3333333333333335,0.0,0.25528839230537415,xgboost,24
137,,0.25289150380752734,0.49030202627182007,3.8333333333333335,0.0,0.49030202627182007,xgboost,24
138,,0.15835090205756228,0.31885698437690735,5.166666666666667,0.0,0.31885698437690735,xgboost,24
139,-12.730233969487601,0.3058273465661402,0.5334819023170472,-3.1666666666666665,0.189471,0.7229529023170471,xgboost,24
140,,0.15294543208910993,0.23405040800571442,0.0,0.0,0.23405040800571442,xgboost,24
141,,0.17108728194792588,0.3034869432449341,10.166666666666666,0.0,0.3034869432449341,xgboost,24
142,-0.4918887473941018,0.16359267202434075,0.5100883168640137,1.0,0.480981,0.9910693168640137,xgboost,24
143,,0.3471966182770661,0.6091000437736511,6.166666666666667,0.0,0.6091000437736511,xgboost,24
144,,0.00569653303808438,0.013629223220050335,0.5,0.0,0.013629223220050335,xgboost,24
145,,0.03180686211290181,0.09473983198404312,0.0,0.0,0.09473983198404312,xgboost,24
146,,0.2341547888086778,0.465555876493454,5.333333333333333,0.0,0.465555876493454,xgboost,24
147,,0.14857615875005412,0.3274831771850586,0.0,0.0,0.3274831771850586,xgboost,24
148,,0.13032095585268633,0.2606551945209503,3.5,0.0,0.2606551945209503,xgboost,24
149,,0.5037122208919766,0.6995323896408081,3.1666666666666665,0.0,0.6995323896408081,xgboost,24
150,0.390163731858137,0.14645229827084577,0.3016409817695618,13.333333333333334,0.50715,0.8087909817695618,xgboost,24
151,,0.2188518519662335,0.3111926019191742,9.0,0.0,0.3111926019191742,xgboost,24
152,-384.1700258136632,0.25647537404373505,0.532731511844635,20.5,0.042286,0.575017511844635,xgboost,24
153,,0.11241300340314632,0.20673581957817078,2.8333333333333335,0.0,0.20673581957817078,xgboost,24
154,,0.3406218181928405,0.5319064259529114,4.333333333333333,0.0,0.5319064259529114,xgboost,24
155,-0.022229435306062584,0.129929197387383,0.17902429551315308,8.666666666666666,0.438583,0.6176072955131531,xgboost,24
156,,0.01769092531203153,0.05894561856985092,16.166666666666668,0.0,0.05894561856985092,xgboost,24
157,,0.007564101642840784,0.02834908477962017,1.1666666666666667,0.0,0.02834908477962017,xgboost,24
158,-16.89450647391632,0.01425225294005331,0.07348687709903717,1.0,0.024059,0.09754587709903717,xgboost,24
159,,0.013862519626268081,0.03617217764258385,1.8333333333333333,0.0,0.03617217764258385,xgboost,24
160,,0.05698247569622175,0.0761784017086029,3.6666666666666665,0.0,0.0761784017086029,xgboost,24
161,,0.025979298217654805,0.08494485914707184,5.833333333333333,0.0,0.08494485914707184,xgboost,24
162,,0.08552173410092737,0.10221590846776962,0.0,0.0,0.10221590846776962,xgboost,24
163,,0.10361337959536537,0.17357535660266876,3.0,0.0,0.17357535660266876,xgboost,24
164,-0.8656780084595224,0.11802966495445608,-0.09735708394050596,4.5,0.4029,0.305542916059494,xgboost,24
165,,0.15360285102942894,0.36451295018196106,7.0,0.0,0.36451295018196106,xgboost,24
166,,0.10867583270675894,0.2014642357826233,9.0,0.0,0.2014642357826233,xgboost,24
167,,0.04959816787565981,0.1046241745352745,1.0,0.0,0.1046241745352745,xgboost,24
168,-0.8171764494727467,0.04046653463433232,-0.02850056965112685,3.1666666666666665,0.147885,0.11938443034887314,xgboost,24
169,,0.07378632293250388,0.247188538312912,1.6666666666666667,0.0,0.247188538312912,xgboost,24
170,,0.21433772778065754,0.5560845136642456,3.8333333333333335,0.0,0.5560845136642456,xgboost,24
171,-5.656915915835363,0.12632893403312606,0.31948657522964474,-4.666666666666667,0.124117,0.4436035752296448,xgboost,24
172,-10.929753137864886,0.4114242210960659,0.27917651126861576,31.166666666666668,1.18902,1.4681965112686157,xgboost,24
173,0.5368643404686715,0.0727913383047295,-0.12024224244117737,12.5,0.41136,0.29111775755882263,xgboost,24
174,-295.46052691219955,0.09705838339171913,0.3114381862773895,-0.16666666666666666,0.016811,0.3282491862773895,xgboost,24
175,-1307.3896154313622,0.14082909827991905,0.3198503117542267,6.833333333333333,0.016102,0.3359523117542267,xgboost,24
119,-0.8078713057787479,0.05093494650965908,-0.2035146942473037,22.166666666666668,0.230449,0.026934305752696282,arima,1
120,-1.5810694972859283,0.0299004717550612,-0.09589769424730371,20.333333333333332,0.122832,0.026934305752696282,arima,1
121,-0.7670600490352426,0.07049929448536099,-0.19307390703982374,0.0,0.194238,0.0011640929601762417,arima,1
122,-1.6628865550382907,0.03348128254870287,-0.05817021021074433,8.0,0.110254,0.05208378978925567,arima,1
123,-0.021067724923556463,0.04578438758650594,-0.15780522504504507,0.0,0.195861,0.03805577495495494,arima,1
124,-0.2414144712453714,0.06817551390911249,-0.25481253984442814,8.166666666666666,0.27731,0.022497460155571882,arima,1
125,-1.8021976889069093,0.12258249966499024,-0.19574012185817777,11.5,0.292017,0.09627687814182226,arima,1
126,-0.12439691408566844,0.043934597325105934,-0.1977254159399608,19.166666666666668,0.231058,0.03333258406003923,arima,1
127,-0.2969070690188875,0.06317703051321623,-0.1840233040624115,10.0,0.27376,0.08973669593758851,arima,1
128,-2.140839643513474,0.0743444403544421,-0.10167545945118783,14.833333333333334,0.165432,0.06375654054881216,arima,1
129,-1.8757914865154377,0.06303133610319675,-0.16327258996768468,4.5,0.165027,0.0017544100323153293,arima,1
130,-0.3949761459198107,0.04039985478833258,-0.016361679836674803,23.166666666666668,0.143828,0.1274663201633252,arima,1
131,0.20376788180946293,0.21959996609659715,-0.13338872106193955,30.833333333333332,0.915913,0.7825242789380604,arima,1
132,-1.635346188210205,0.04901934121321999,-0.11229934216294257,15.0,0.158637,0.04633765783705743,arima,1
133,0.34529833941144017,0.6055425084140637,-0.8213416454268316,5.5,2.674709,1.8533673545731684,arima,1
134,-1.5903175098042763,0.04155099290739641,-0.13091558996768468,-2.5,0.13267,0.0017544100323153293,arima,1
135,-0.5556207800462942,0.10981569013862347,-0.3787079896448251,16.166666666666668,0.50573,0.12702201035517494,arima,1
136,-1.0036315519908094,0.07505551615216509,-0.28894358996768466,6.833333333333333,0.290698,0.0017544100323153293,arima,1
137,-0.9619794385246738,0.1252198668806085,-0.36927765376385646,5.0,0.371031,0.0017533462361435527,arima,1
138,-1.1865126479321013,0.12324165610240359,-0.29666916793564446,-1.0,0.298407,0.0017378320643555178,arima,1
139,-3.821546007153116,0.05560334258306481,-0.11102788079133294,12.833333333333334,0.138553,0.02752511920866707,arima,1
140,-2.6654824529164296,0.1169439204454565,-0.0007142365228829384,14.333333333333334,0.189471,0.18875676347711706,arima,1
141,-1.6094249854520215,0.06678766571236638,-0.0833158925326092,8.0,0.181661,0.0983451074673908,arima,1
142,0.6532230054029164,0.10299904351406268,-0.02812494441891411,24.0,0.480981,0.4528560555810859,arima,1
143,-3.4501532081630737,0.057907047249307224,-0.10054339221331998,8.333333333333334,0.139466,0.03892260778668003,arima,1
144,-1.2289403018263356,0.05839480069412906,-0.14819833331995017,0.0,0.149711,0.0015126666800498578,arima,1
145,-1.999709635739387,0.05775202946009643,-0.12128058996768468,-1.3333333333333333,0.123035,0.0017544100323153293,arima,1
146,-1.78106831165227,0.0867038988567075,-0.19968558996768468,5.166666666666667,0.20144,0.0017544100323153293,arima,1
147,-1.1704244857521742,0.05913028043599475,-0.13853484794349702,0.0,0.139872,0.0013371520565029803,arima,1
148,-1.1292490297663695,0.10715527106507844,-0.24898058996768466,2.6666666666666665,0.250735,0.0017544100323153293,arima,1
149,-1.0754397268010267,0.2199948055484993,-0.7443645899676846,9.166666666666666,0.746119,0.0017544100323153293,arima,1
150,-0.172849457701445,0.1773955188215434,-0.014143454956993318,17.5,0.50715,0.49300654504300667,arima,1
151,-3.4911485700721387,0.04282545970293784,-0.10200858996768467,5.5,0.103763,0.0017544100323153293,arima,1
152,-2.5918957309957005,0.03315627798130825,-0.07045751309528514,16.5,0.116442,0.045984486904714864,arima,1
153,-0.7959779882246076,0.049826795116241315,-0.09618559632282403,6.833333333333333,0.150928,0.05474240367717597,arima,1
154,-1.799840722757727,0.05867864418206335,-0.18751358996768466,-2.1666666666666665,0.189268,0.0017544100323153293,arima,1
155,0.07738320058367765,0.14151726845536333,-0.007560906444828597,20.333333333333332,0.438583,0.4310220935551714,arima,1
156,-2.0226892065246274,0.0373860608692483,-0.10160258996768468,-2.8333333333333335,0.103357,0.0017544100323153293,arima,1
157,-0.298919539563145,0.07925726654316823,-0.37546545134847353,17.5,0.388274,0.012808548651526475,arima,1
158,-1.9666013453085052,0.04692804522982138,-0.14867062080886514,22.666666666666668,0.174662,0.025991379191134863,arima,1
159,-0.5139055198087166,0.07558645007739795,-0.3425907739762412,18.5,0.371538,0.028947226023758772,arima,1
160,-2.1860300378208004,0.06243678972151231,-0.11546015994578226,3.5,0.116644,0.0011838400542177308,arima,1
161,-1.3771687210858805,0.08399826745505214,-0.19906516009252162,-0.5,0.20073,0.0016648399074783759,arima,1
162,-1.2369736648504785,0.08908603748992723,-0.2048386733869381,-0.5,0.20641,0.001571326613061927,arima,1
163,-0.7645958003464881,0.1302379179148575,-0.3738576291826316,0.0,0.3754,0.0015423708173684198,arima,1
164,-0.04786625571875347,0.06810102270765964,-0.32756780873168073,3.5,0.3842,0.05663219126831923,arima,1
165,-1.8526621386746043,0.10970262835775346,-0.2658884203399263,6.0,0.2718,0.005911579660073686,arima,1
166,-2.575418330253131,0.08805850267176543,-0.16550358996768466,-1.0,0.167258,0.0017544100323153293,arima,1
167,-1.4183075291750469,0.07521088729023404,-0.18974558996768467,2.3333333333333335,0.1915,0.0017544100323153293,arima,1
168,-2.2219131550996196,0.03989488904470795,-0.1162526098505052,0.6666666666666666,0.147885,0.03163239014949478,arima,1
169,-1.3107895581376612,0.06663282012135255,-0.22384658996768467,7.333333333333333,0.225601,0.0017544100323153293,arima,1
170,-0.820128843564466,0.120510357809125,-0.45507958996768466,7.166666666666667,0.456834,0.0017544100323153293,arima,1
171,0.03347510439466772,0.03183360452009208,-0.019323382975801023,9.666666666666666,0.124117,0.10479361702419898,arima,1
172,0.45494942177716036,0.19145025593998125,-0.30228824878405924,17.666666666666668,1.18902,0.8867317512159407,arima,1
173,-0.36346586651286983,0.12598760780340856,-0.08888423672158835,23.333333333333332,0.422724,0.33383976327841164,arima,1
174,-0.3413354356763807,0.05778162455248546,-0.182641260399945,-14.833333333333334,0.202523,0.019881739600055015,arima,1
175,0.004277797152455354,0.026332887642805933,-0.09758592029115112,4.166666666666667,0.126636,0.029050079708848875,arima,1
119,-1.6308932719900278,0.02249575602223004,-0.02647869424730372,9.166666666666666,0.053413,0.026934305752696282,arima,6
120,-1.4150610566009525,0.021727598914522195,-0.02647869424730372,9.166666666666666,0.053413,0.026934305752696282,arima,6
121,,0.0002931272072913349,0.0006596076130023582,5.5,0.0,0.0006596076130023582,arima,6
122,-2.4169144659828268,0.04943119362046505,-0.057976385656392786,10.0,0.110254,0.05227761434360722,arima,6
123,-7.376814624320666,0.03209407730899207,0.009140877097255414,0.0,0.028421,0.03756187709725541,arima,6
124,-0.7337534006372624,0.016772550651199557,-0.011075539844428117,0.8333333333333334,0.033573,0.022497460155571882,arima,6
125,-1.1136598186178057,0.11380762760136473,-0.19523766656204117,16.5,0.292017,0.09677933343795886,arima,6
126,-0.062191503084403355,0.04506131376966799,-0.19734192734747547,22.333333333333332,0.231058,0.03371607265252456,arima,6
127,-1.4529678518455462,0.09640018164186702,-0.1840233040624115,10.0,0.27376,0.08973669593758851,arima,6
128,-1.4058896003724564,0.07570786363775776,-0.10114336789492843,19.833333333333332,0.165432,0.06428863210507156,arima,6
129,-0.7127071159076594,0.04296593207207457,-0.13649458996768468,3.8333333333333335,0.138249,0.0017544100323153293,arima,6
130,-0.3435476849133703,0.05131939318866504,-0.016361679836674803,23.166666666666668,0.143828,0.1274663201633252,arima,6
131,-0.7166988453414258,0.27863050978617854,-0.13338872106193955,30.833333333333332,0.915913,0.7825242789380604,arima,6
132,-2.275204737721243,0.03807279344893631,-0.004954278366770794,8.333333333333334,0.051293,0.046338721633229205,arima,6
133,-0.28737180318292954,0.7892025193465629,-0.8213416454268316,5.5,2.674709,1.8533673545731684,arima,6
134,-0.399210842059907,0.03601975885662571,-0.1309233833354288,-2.1666666666666665,0.13267,0.0017466166645712052,arima,6
135,-0.626370182422965,0.11576948920446822,-0.378684395402603,16.833333333333332,0.50573,0.127045604597397,arima,6
136,-0.881930690557261,0.02566548119563231,-0.05344358996768467,2.6666666666666665,0.055198,0.0017544100323153293,arima,6
137,,0.0014897112837456807,0.0017544100323153293,0.16666666666666666,0.0,0.0017544100323153293,arima,6
138,-0.743150628873479,0.030967513296374694,-0.06809501670172514,0.0,0.069216,0.0011209832982748602,arima,6
139,-1.4306034222929993,0.05136993422574531,-0.11015117353381497,17.833333333333332,0.138553,0.028401826466185037,arima,6
140,-3.6275077404187783,0.14081430328754024,0.005168763477117061,11.166666666666666,0.183588,0.18875676347711706,arima,6
141,-2.5447530621850944,0.09650774895369012,-0.08298380044535143,10.833333333333334,0.181661,0.09867719955464856,arima,6
142,0.4182689486978368,0.12974056428774394,-0.02812494441891411,24.0,0.480981,0.4528560555810859,arima,6
143,-1.0221833647234355,0.05000960852122642,-0.09999245899298109,13.333333333333334,0.139466,0.03947354100701892,arima,6
144,0.08509974696466127,0.002739340931250177,-0.01157688891869414,0.0,0.012587,0.0010101110813058587,arima,6
145,-0.0725436914852371,0.008538058602158663,-0.027703625907561598,0.0,0.028857,0.0011533740924384041,arima,6
146,-0.58077718175976,0.029441834810099078,-0.06390158996768468,1.0,0.065656,0.0017544100323153293,arima,6
147,,0.0004245022911249314,0.0008398540163891224,0.0,0.0,0.0008398540163891224,arima,6
148,-0.08040986993167576,0.009232336419965417,-0.02973833331995014,0.0,0.031251,0.0015126666800498578,arima,6
149,-0.6868428581112374,0.07451347258603801,-0.17422658996768467,3.8333333333333335,0.175981,0.0017544100323153293,arima,6
150,-0.6303211940637463,0.21089061627373806,-0.014143454956993318,17.5,0.50715,0.49300654504300667,arima,6
151,-1.1399066799172863,0.028423703155011994,-0.04955858996768467,1.6666666666666667,0.051313,0.0017544100323153293,arima,6
152,-2.4651383985696182,0.03517729921920342,-0.07045751309528514,16.5,0.116442,0.045984486904714864,arima,6
153,-15.035633095113852,0.0488093199251643,0.01561420059744089,8.333333333333334,0.039659,0.05527320059744089,arima,6
154,-0.5889362065767318,0.05229528517270167,-0.18755700216223142,-1.3333333333333333,0.189268,0.001710997837768579,arima,6
155,-0.37170223310468375,0.16903060042320875,-0.007560906444828597,20.333333333333332,0.438583,0.4310220935551714,arima,6
156,-0.8111567581015746,0.034897162748506835,-0.10160258996768468,-2.8333333333333335,0.103357,0.0017544100323153293,arima,6
157,-2.637277430756377,0.011950406935621773,-0.006428837356913896,17.5,0.019779,0.013350162643086106,arima,6
158,-2.7736851370750273,0.03016537048371489,-0.019777123118863656,21.166666666666668,0.046283,0.026505876881136342,arima,6
159,-3.51702184406364,0.02712027230055537,0.0002789704903724509,18.666666666666668,0.029242,0.02952097049037245,arima,6
160,-0.15743444271081053,0.012370296859228233,-0.028107653763856447,0.0,0.029861,0.0017533462361435527,arima,6
161,,0.0006814382723490739,0.0010836262520684617,0.0,0.0,0.0010836262520684617,arima,6
162,,0.000643256603822855,0.0010454319897537881,0.0,0.0,0.0010454319897537881,arima,6
163,,0.0005687755737480619,0.0010289790186237381,0.0,0.0,0.0010289790186237381,arima,6
164,-0.07077059439049571,0.08987007034758308,-0.3462678087316807,-17.166666666666668,0.4029,0.05663219126831923,arima,6
165,-0.525469752173652,0.07013238702929411,-0.2214884203399263,-0.6666666666666666,0.2274,0.005911579660073686,arima,6
166,-0.5978696258052243,0.05899124209050794,-0.16222544397008237,0.0,0.163708,0.001482556029917612,arima,6
167,0.0040819860793624985,0.006480283772347456,-0.02521433331995014,0.0,0.026727,0.0015126666800498578,arima,6
168,-1.0078721237743293,0.03857111091642393,-0.1162526098505052,0.6666666666666666,0.147885,0.03163239014949478,arima,6
169,-0.8220759757196818,0.02339725728015372,-0.05193958996768467,3.0,0.053694,0.0017544100323153293,arima,6
170,-1.2287281169215438,0.05306076848737339,-0.12955958996768466,1.5,0.131314,0.0017544100323153293,arima,6
171,-0.09631644500799297,0.039519110317828655,-0.019323382975801023,9.666666666666666,0.124117,0.10479361702419898,arima,6
172,0.23578527456567466,0.20081449262093642,-0.3020668073073176,19.833333333333332,1.18902,0.8869531926926824,arima,6
173,-0.6300927579815365,0.14399012780663045,-0.08888423672158835,23.333333333333332,0.422724,0.33383976327841164,arima,6
174,-0.2115409396705401,0.05825195800223669,-0.1831209432641231,1.1666666666666667,0.202523,0.01940205673587692,arima,6
175,-0.20130888296333183,0.030874789531473806,-0.097492634036003,5.5,0.126636,0.029143365963997005,arima,6
119,-4.083195796866381,0.023868673061658414,-0.004518694247303719,23.166666666666668,0.031453,0.026934305752696282,arima,24
120,-6.108646508423222,0.02349812112035087,-0.001547694247303718,21.333333333333332,0.028482,0.026934305752696282,arima,24
121,,0.0010318103406254402,0.0012635985605393709,0.0,0.0,0.0012635985605393709,arima,24
122,,0.037301133613659984,0.05191928625915689,17.5,0.0,0.05191928625915689,arima,24
123,,0.03768308526908722,0.03822354663574388,0.0,0.0,0.03822354663574388,arima,24
124,,0.022011938072909812,0.022497460155571882,9.666666666666666,0.0,0.022497460155571882,arima,24
125,,0.043102387854519565,0.09608387495212577,20.333333333333332,0.0,0.09608387495212577,arima,24
126,-3.2748768324208317,0.027102905706312387,-0.012552502135835003,29.333333333333332,0.045765,0.033212497864165,arima,24
127,,0.0724297786227724,0.08969953714684535,17.166666666666668,0.0,0.08969953714684535,arima,24
128,,0.03089149980098008,0.06362776130839949,20.0,0.0,0.06362776130839949,arima,24
129,,0.0013159064195952593,0.0017544100323153293,9.833333333333334,0.0,0.0017544100323153293,arima,24
130,-1.4505146170805485,0.08438912789990823,-0.005508679836674801,41.333333333333336,0.132975,0.1274663201633252,arima,24
131,-6.203354746155502,0.45008933363228193,-0.13338872106193955,54.833333333333336,0.915913,0.7825242789380604,arima,24
132,,0.03821299699422126,0.046266470848263144,15.666666666666666,0.0,0.046266470848263144,arima,24
133,-4.403909451715351,1.2294954878340918,-0.8213416454268316,29.5,2.674709,1.8533673545731684,arima,24
134,,0.0014088752135447602,0.0017544100323153293,5.666666666666667,0.0,0.0017544100323153293,arima,24
135,-0.9269558196832544,0.10641054864300606,-0.37882530491303856,39.166666666666664,0.50573,0.12690469508696148,arima,24
136,,0.0013460691208409172,0.0017544100323153293,9.166666666666666,0.0,0.0017544100323153293,arima,24
137,,0.001361094388179769,0.0016821592473492681,5.0,0.0,0.0016821592473492681,arima,24
138,,0.0011747414687459654,0.0017544100323153293,0.5,0.0,0.0017544100323153293,arima,24
139,-0.2937084336869191,0.09387621099665111,-0.16217625338972613,3.3333333333333335,0.189471,0.02729474661027386,arima,24
140,,0.16786271454645169,0.18875676347711706,17.166666666666668,0.0,0.18875676347711706,arima,24
141,,0.07434505133283113,0.09820719301067496,14.5,0.0,0.09820719301067496,arima,24
142,-1.9674026088633676,0.23071926733602718,-0.02812494441891411,48.0,0.480981,0.4528560555810859,arima,24
143,,0.017452545080219106,0.03863810242586217,14.333333333333334,0.0,0.03863810242586217,arima,24
144,,0.0012734954915873259,0.001672969251237908,0.0,0.0,0.001672969251237908,arima,24
145,,0.0014721653047275322,0.0017544100323153293,1.1666666666666667,0.0,0.0017544100323153293,arima,24
146,,0.0014396726081328012,0.0017544100323153293,7.0,0.0,0.0017544100323153293,arima,24
147,,0.0012394247797937778,0.0015126666800498578,0.0,0.0,0.0015126666800498578,arima,24
148,,0.0015551150915690485,0.0017544100323153293,3.8333333333333335,0.0,0.0017544100323153293,arima,24
149,,0.0013155092974013632,0.0017544100323153293,10.166666666666666,0.0,0.0017544100323153293,arima,24
150,-1.7204221507201245,0.309319798123122,-0.014143454956993318,41.5,0.50715,0.49300654504300667,arima,24
151,,0.001308504417616129,0.0017544100323153293,9.166666666666666,0.0,0.0017544100323153293,arima,24
152,-5.003854933235688,0.03202097308843299,0.0036984869047148664,13.0,0.042286,0.045984486904714864,arima,24
153,,0.047169175670266156,0.05468649841386599,8.833333333333334,0.0,0.05468649841386599,arima,24
154,,0.0012868444913359282,0.0017544100323153293,5.166666666666667,0.0,0.0017544100323153293,arima,24
155,-3.008471609551896,0.2572894452017987,-0.007560906444828597,44.333333333333336,0.438583,0.4310220935551714,arima,24
156,,0.0013112436865763677,0.0017544100323153293,9.666666666666666,0.0,0.0017544100323153293,arima,24
157,,0.006527241663097108,0.012694315200614266,17.5,0.0,0.012694315200614266,arima,24
158,-10.334602068106559,0.01134297036882636,0.0017721597355709988,24.5,0.024059,0.025831159735571,arima,24
159,,0.015783482668250737,0.0288855619715358,18.666666666666668,0.0,0.0288855619715358,arima,24
160,,0.0007141362455094241,0.001131301028905388,5.5,0.0,0.001131301028905388,arima,24
161,,0.0014007632642955522,0.0017440328682797445,0.0,0.0,0.0017440328682797445,arima,24
162,,0.0013771133607003905,0.001710997837768579,0.0,0.0,0.001710997837768579,arima,24
163,,0.0013205765452181152,0.0016932770562601942,0.0,0.0,0.0016932770562601942,arima,24
164,-0.00864376204981121,0.08678441326674433,-0.3462678087316807,6.833333333333333,0.4029,0.05663219126831923,arima,24
165,,0.005517271030938908,0.005911579660073686,7.0,0.0,0.005911579660073686,arima,24
166,,0.0013808661856603644,0.0017544100323153293,3.6666666666666665,0.0,0.0017544100323153293,arima,24
167,,0.0015772714693487889,0.0017544100323153293,3.8333333333333335,0.0,0.0017544100323153293,arima,24
168,-0.8060990852219678,0.04034300568983247,-0.1162526098505052,24.666666666666668,0.147885,0.03163239014949478,arima,24
169,,0.0013687322005070965,0.0017544100323153293,9.0,0.0,0.0017544100323153293,arima,24
170,,0.001155954241846339,0.0017544100323153293,11.0,0.0,0.0017544100323153293,arima,24
171,-0.8495361008041853,0.06658826545902394,-0.019323382975801023,33.666666666666664,0.124117,0.10479361702419898,arima,24
172,-4.899888898617588,0.2893317167240732,-0.3024502958998029,40.666666666666664,1.18902,0.8865697041001971,arima,24
173,-1.2991822393629207,0.16218559991490616,-0.07752023672158836,44.833333333333336,0.41136,0.33383976327841164,arima,24
174,-2.829336212721426,0.011030910595838023,0.0031974578690027802,-16.333333333333332,0.016811,0.02000845786900278,arima,24
175,-9.989084328356627,0.012906384740644422,0.012791975850279781,9.0,0.016102,0.028893975850279783,arima,24
119,-0.820271117615974,0.05110932409767525,-0.20361699525885874,15.166666666666666,0.230449,0.02683200474114124,arimax,1
120,-1.568324588863815,0.029826558525244764,-0.09599999525885876,13.333333333333334,0.122832,0.02683200474114124,arimax,1
121,-0.7661750728430798,0.07048163860244,-0.1930831541300172,0.3333333333333333,0.194238,0.0011548458699827892,arimax,1
122,-0.9583451535990388,0.028712457954786396,-0.05878723825522225,-0.3333333333333333,0.110254,0.05146676174477775,arimax,1
123,0.010056104299003499,0.04508119566108424,-0.15624195951004174,0.3333333333333333,0.195861,0.039619040489958256,arimax,1
124,-0.19186770363083494,0.06680116620343361,-0.24245522543855244,9.833333333333334,0.27731,0.03485477456144756,arimax,1
125,-1.3656033539908843,0.11262895417694237,-0.1959055141428077,8.333333333333334,0.292017,0.0961114858571923,arimax,1
126,-0.4028578097838138,0.049074248180986935,-0.1976029701983733,-11.0,0.231058,0.03345502980162671,arimax,1
127,0.08259393603632992,0.053135599342175065,-0.18567719980294067,1.0,0.27376,0.08808280019705933,arimax,1
128,-0.38941787998159105,0.049447240080079745,-0.06473132029823164,0.8333333333333334,0.165432,0.10070067970176835,arimax,1
129,-1.3159965615278937,0.05656486714766139,-0.14758103078162682,9.333333333333334,0.165027,0.0174459692183732,arimax,1
130,-0.0766406174856693,0.03549210792847271,-0.01751746315862862,15.333333333333334,0.143828,0.1263105368413714,arimax,1
131,0.35275197673648107,0.19799206675213113,-0.13391670593117833,21.666666666666668,0.915913,0.7819962940688217,arimax,1
132,-1.5720041054370961,0.04842665392691173,-0.1072009815861409,9.833333333333334,0.158637,0.0514360184138591,arimax,1
133,0.4195490745788012,0.5701717139316779,-0.7667969624863082,12.333333333333334,2.674709,1.9079120375136918,arimax,1
134,-1.5836272957060697,0.04149729972826963,-0.1299744215628019,-1.8333333333333333,0.13267,0.002695578437198102,arimax,1
135,-0.14932293143549158,0.0943916468471564,-0.36441584785572473,0.5,0.50573,0.14131415214427528,arimax,1
136,-0.01860976674026471,0.053515255456263726,-0.2368059978982508,0.5,0.290698,0.053892002101749215,arimax,1
137,-0.610515800643701,0.11345104666834603,-0.3129192844514952,3.8333333333333335,0.371031,0.05811171554850481,arimax,1
138,-1.0198418999573202,0.11845140522285136,-0.27248074343247264,1.3333333333333333,0.298407,0.025926256567527332,arimax,1
139,-0.3359884455970865,0.029269081461200847,-0.06195839302260438,3.6666666666666665,0.138553,0.07659460697739563,arimax,1
140,-1.5064265837290645,0.09670291614655341,-0.0025817353383209563,3.3333333333333335,0.189471,0.18688926466167904,arimax,1
141,-0.6089071261387069,0.05244321936515738,-0.08268687778017522,-0.3333333333333333,0.181661,0.09897412221982477,arimax,1
142,0.7280322064997149,0.09121511109564497,-0.002583328711789068,17.833333333333332,0.480981,0.4783976712882109,arimax,1
143,-1.3732858614657375,0.04228817712154053,-0.10125920881658756,8.333333333333334,0.139466,0.03820679118341244,arimax,1
144,-0.7297414699624583,0.05144172943990826,-0.13705383150541028,0.0,0.149711,0.012657168494589727,arimax,1
145,0.16069663262195222,0.030548305423140236,-0.08362751492449952,0.0,0.123035,0.03940748507550049,arimax,1
146,-0.8518145175095424,0.07075083031106558,-0.16965457198178824,3.8333333333333335,0.20144,0.031785428018211784,arimax,1
147,-0.9036768573073317,0.055377610674543436,-0.13339322423040112,0.0,0.139872,0.006478775769598866,arimax,1
148,-0.6267428134763824,0.09366120882399134,-0.22793815901624434,3.3333333333333335,0.250735,0.022796840983755645,arimax,1
149,-0.43777153313998207,0.1831058855885122,-0.6602190822025483,2.1666666666666665,0.746119,0.08589991779745167,arimax,1
150,-0.02045418797844656,0.16546961843745797,-0.015039796210417122,8.5,0.50715,0.49211020378958287,arimax,1
151,-1.7572966958312413,0.033555604941891075,-0.06157609638465843,2.8333333333333335,0.103763,0.04218690361534157,arimax,1
152,-1.3817955354700233,0.02699952663312466,-0.05283305881306814,18.166666666666668,0.116442,0.06360894118693186,arimax,1
153,0.16805243723195062,0.03391254836445982,-0.09652885814914657,0.16666666666666666,0.150928,0.05439914185085344,arimax,1
154,-0.4892766040134693,0.04279579426872253,-0.1572726574402131,-1.5,0.189268,0.03199534255978689,arimax,1
155,0.2931477238968009,0.12386913036687405,-0.00799988801230156,11.166666666666666,0.438583,0.43058311198769844,arimax,1
156,-1.9421543939463648,0.03688465203445052,-0.1006554209943234,-2.3333333333333335,0.103357,0.0027015790056766093,arimax,1
157,-0.2784483069766286,0.07863023096768154,-0.37577345193226763,17.0,0.388274,0.01250054806773237,arimax,1
158,-1.2327581364403035,0.04071211924235423,-0.14861437764889326,22.5,0.174662,0.02604762235110675,arimax,1
159,-0.35368083036022857,0.07147475944194953,-0.34266888547036434,17.0,0.371538,0.028869114529635625,arimax,1
160,-1.0550864158940256,0.05014535109215646,-0.09993659099869151,1.6666666666666667,0.116644,0.01670740900130848,arimax,1
161,-1.409395030906417,0.08456571594158614,-0.1998103675349539,-0.5,0.20073,0.0009196324650460957,arimax,1
162,-1.2375295645256248,0.08909710597584328,-0.20484142891562418,-0.5,0.20641,0.001568571084375821,arimax,1
163,-0.6258453138373654,0.12501278655385212,-0.3426264841255402,0.0,0.3754,0.03277351587445982,arimax,1
164,0.11501874682703661,0.06258463762678841,-0.28970730154373203,0.16666666666666666,0.3842,0.09449269845626795,arimax,1
165,-1.1770125317421982,0.09583459865230959,-0.22798151403738826,2.3333333333333335,0.2718,0.04381848596261173,arimax,1
166,-1.0000709620617343,0.06586134078082068,-0.12820812834656242,1.6666666666666667,0.167258,0.039049871653437575,arimax,1
167,-0.9622077610588864,0.0677481503710221,-0.17934916626317193,3.0,0.1915,0.01215083373682808,arimax,1
168,-2.0231654842983584,0.03864482160364073,-0.11370466391086494,0.3333333333333333,0.147885,0.03418033608913505,arimax,1
169,-1.1240491934393573,0.06388373237895684,-0.21752865709354582,1.0,0.225601,0.00807234290645418,arimax,1
170,-0.5215114919241197,0.11018207029213903,-0.41891073532547674,5.333333333333333,0.456834,0.03792326467452328,arimax,1
171,0.3579857457311828,0.025944877791020903,-0.019881844808944282,22.333333333333332,0.124117,0.10423515519105572,arimax,1
172,0.593867869257809,0.16526132244863054,-0.301688805815055,10.0,1.18902,0.887331194184945,arimax,1
173,-0.2186156552649725,0.11910748962385101,-0.09072788824555439,12.333333333333334,0.422724,0.3319961117544456,arimax,1
174,0.24536862122436953,0.04333995728717136,-0.14321480831922095,0.8333333333333334,0.202523,0.05930819168077904,arimax,1
175,0.11795101230172,0.024784247844260275,-0.08158739578674201,-5.833333333333333,0.126636,0.04504860421325799,arimax,1
119,-1.4805606585776467,0.02184358434274113,-0.026627436158217516,3.0,0.053413,0.026785563841782486,arimax,6
120,-1.2999938169563974,0.021203668828173344,-0.026627436158217516,3.0,0.053413,0.026785563841782486,arimax,6
121,,0.0003655323844073421,0.0008061282656672414,5.5,0.0,0.0008061282656672414,arimax,6
122,-1.141261607779843,0.03913081641197862,-0.07241603870807037,3.8333333333333335,0.110254,0.03783796129192963,arimax,6
123,-7.027490010579948,0.031417768039125174,0.009415822334223455,0.0,0.028421,0.037836822334223454,arimax,6
124,-2.0507047850713045,0.022248746140870135,0.0012817745614475615,2.5,0.033573,0.03485477456144756,arimax,6
125,-0.7702372804517872,0.1041524680939613,-0.2102755161544198,12.5,0.292017,0.0817414838455802,arimax,6
126,-0.2851990760966301,0.04956643001954757,-0.2004683151161607,-4.0,0.231058,0.030589684883839324,arimax,6
127,-0.7697318111693863,0.08188147412332791,-0.19966565434008732,3.8333333333333335,0.27376,0.07409434565991269,arimax,6
128,-0.09469949109048925,0.0510682060339793,-0.06473132029823164,0.8333333333333334,0.165432,0.10070067970176835,arimax,6
129,-0.22333603614391384,0.036312451607841974,-0.11675593037183211,15.666666666666666,0.138249,0.021493069628167896,arimax,6
130,-0.056785882840364454,0.04551436328461442,-0.01785635920843734,17.166666666666668,0.143828,0.12597164079156267,arimax,6
131,-0.37679696845815314,0.24952643540365257,-0.13433166616240022,24.666666666666668,0.915913,0.7815813338375998,arimax,6
132,-2.2058272667471215,0.03766739403129066,0.00014301841385910147,3.0,0.051293,0.0514360184138591,arimax,6
133,-0.14854692571608674,0.745436816616083,-0.7667969624863082,12.333333333333334,2.674709,1.9079120375136918,arimax,6
134,-0.394426313354415,0.0359581222746705,-0.1299744215628019,-1.8333333333333333,0.13267,0.002695578437198102,arimax,6
135,-0.14705454251924333,0.0972246637809378,-0.36441584785572473,0.5,0.50573,0.14131415214427528,arimax,6
136,-0.39155657830011137,0.022069781480366563,-0.03261329137922002,-0.5,0.055198,0.022584708620779978,arimax,6
137,,0.04181457095740068,0.05575821963079518,0.0,0.0,0.05575821963079518,arimax,6
138,-2.2855336945192986,0.04251496608686449,-0.07360290133291478,0.0,0.069216,-0.004386901332914771,arimax,6
139,0.4271492358570761,0.024938636523582795,-0.06195839302260438,3.6666666666666665,0.138553,0.07659460697739563,arimax,6
140,-2.410256914869545,0.12088342124224188,-0.00281158043347271,5.0,0.183588,0.1807764195665273,arimax,6
141,-1.041909431636718,0.07324659325870238,-0.09622359853898564,4.666666666666667,0.181661,0.08543740146101435,arimax,6
142,0.5891346056613418,0.109034626800571,-0.002583328711789068,17.833333333333332,0.480981,0.4783976712882109,arimax,6
143,-0.3900416794771677,0.04146265417542989,-0.09769048318018737,13.333333333333334,0.139466,0.04177551681981263,arimax,6
144,0.12681436756138265,0.0026761626397602527,-0.011253661271035026,0.0,0.012587,0.0013333387289649742,arimax,6
145,0.6763115792097689,0.004690457625617397,-0.009198239024632151,0.0,0.028857,0.01965876097536785,arimax,6
146,0.01803764354262949,0.023204753653263337,-0.03970893686172556,0.0,0.065656,0.025947063138274447,arimax,6
147,,0.0006253785513625137,0.0015541553908287624,0.0,0.0,0.0015541553908287624,arimax,6
148,0.2579757684603825,0.007651144319710279,-0.024222066698935833,0.0,0.031251,0.007028933301064166,arimax,6
149,-0.21604125859913803,0.06326618474888994,-0.11564515628100303,-0.3333333333333333,0.175981,0.06033584371899697,arimax,6
150,-0.40423262115046255,0.19572224904917696,-0.01678062316631246,11.666666666666666,0.50715,0.49036937683368753,arimax,6
151,0.17896404582298686,0.017606147243291605,-0.00912609638465843,-1.0,0.051313,0.04218690361534157,arimax,6
152,-1.148951193862625,0.0277022775633034,-0.05283305881306814,18.166666666666668,0.116442,0.06360894118693186,arimax,6
153,-4.361671212088057,0.028223429868088467,-0.006002903273900101,8.833333333333334,0.039659,0.0336560967260999,arimax,6
154,0.10690066470296755,0.03920660055560168,-0.15739638684906349,-1.3333333333333333,0.189268,0.03187161315093651,arimax,6
155,-0.059622360707920485,0.14856310529607394,-0.008522637252185106,14.166666666666666,0.438583,0.4300603627478149,arimax,6
156,-0.7597430949315715,0.03439828048033616,-0.1006554209943234,-2.3333333333333335,0.103357,0.0027015790056766093,arimax,6
157,-2.453374131195472,0.011644378023649978,-0.006907297577393471,17.5,0.019779,0.01287170242260653,arimax,6
158,-2.5373708075894257,0.02920559958444022,-0.020059704958456433,21.166666666666668,0.046283,0.026223295041543564,arimax,6
159,-3.4646017779473794,0.026962447612293976,0.00015173148995827057,18.666666666666668,0.029242,0.02939373148995827,arimax,6
160,-0.5316984007347791,0.014230447269021299,-0.018244077101855244,-5.5,0.029861,0.011616922898144753,arimax,6
161,,0.00042829476622672184,0.00040453043365138623,0.16666666666666666,0.0,0.00040453043365138623,arimax,6
162,,0.0007316374335922397,0.001134583089804768,0.0,0.0,0.001134583089804768,arimax,6
163,,0.017514365192096152,-0.015732660610676685,5.666666666666667,0.0,-0.015732660610676685,arimax,6
164,-0.07381803410158505,0.08999786571134583,-0.23533083011145767,-2.8333333333333335,0.4029,0.1675691698885423,arimax,6
165,-0.3009595426061027,0.0647662446477395,-0.20613575944882342,-1.6666666666666667,0.2274,0.02126424055117657,arimax,6
166,0.21204099340603055,0.04142558803482221,-0.12465812834656242,0.3333333333333333,0.163708,0.039049871653437575,arimax,6
167,0.24903644437893735,0.00562719105648067,-0.01995728152586034,0.0,0.026727,0.00676971847413966,arimax,6
168,-0.906286431194574,0.03758271933198521,-0.11370466391086494,0.3333333333333333,0.147885,0.03418033608913505,arimax,6
169,-0.8687874007219232,0.023695269820338535,-0.05020714956660918,0.0,0.053694,0.003486850433390815,arimax,6
170,-0.08510233912432863,0.03702374443591314,-0.0933907353254767,-0.3333333333333333,0.131314,0.03792326467452328,arimax,6
171,0.20700388741300058,0.033610480690438156,-0.01844735752484722,25.333333333333332,0.124117,0.10566964247515279,arimax,6
172,0.40809166720417867,0.17673175021619023,-0.3033691750644175,14.166666666666666,1.18902,0.8856508249355824,arimax,6
173,-0.42399010748953603,0.13457985136830705,-0.09556016609932683,17.166666666666668,0.422724,0.32716383390067316,arimax,6
174,0.3441568624704907,0.04285894436506675,-0.13837491000851895,0.8333333333333334,0.202523,0.06414808999148106,arimax,6
175,0.3158524728254183,0.023299765082768067,-0.08038995531896964,-0.8333333333333334,0.126636,0.04624604468103036,arimax,6
119,-3.9523857664705897,0.023559555373397063,-0.004934854779014352,23.5,0.031453,0.02651814522098565,arimax,24
120,-5.911126038160487,0.023169362549251636,-0.0019638547790143505,21.666666666666668,0.028482,0.02651814522098565,arimax,24
121,,0.006545876075937431,0.00909071863664761,3.0,0.0,0.00909071863664761,arimax,24
122,,0.025905559447490005,0.03577032426595637,14.166666666666666,0.0,0.03577032426595637,arimax,24
123,,0.0422385624368486,0.04446039345717023,1.3333333333333333,0.0,0.04446039345717023,arimax,24
124,,0.02102921942579175,0.02149672311576442,10.5,0.0,0.02149672311576442,arimax,24
125,,0.03630706268755219,0.08106278450538923,20.333333333333332,0.0,0.08106278450538923,arimax,24
126,-0.3297563063529214,0.01511611127583565,-0.02314087280031914,0.16666666666666666,0.045765,0.02262412719968086,arimax,24
127,,0.05547895615792009,0.06879937732719237,17.166666666666668,0.0,0.06879937732719237,arimax,24
128,,0.04016954650220565,0.06783114264775705,18.666666666666668,0.0,0.06783114264775705,arimax,24
129,,0.03244582532226634,0.03604650510017882,15.666666666666666,0.0,0.03604650510017882,arimax,24
130,-0.894946002837564,0.07420894708767806,-0.012963466509031157,29.166666666666668,0.132975,0.12001153349096885,arimax,24
131,-4.683494879553243,0.3997965627535297,-0.1421411398587944,42.666666666666664,0.915913,0.7737718601412056,arimax,24
132,,0.034974643081872495,0.044408547290007636,4.666666666666667,0.0,0.044408547290007636,arimax,24
133,-3.8681440502353253,1.1669563670722227,-0.7674222831066935,17.333333333333332,2.674709,1.9072867168933065,arimax,24
134,,0.001179642236249234,0.00202678532269808,12.666666666666666,0.0,0.00202678532269808,arimax,24
135,-0.10932603044274436,0.08073807779965082,-0.39479479809699,0.5,0.50573,0.11093520190301005,arimax,24
136,,0.0012439443346188462,0.001689198412433751,9.666666666666666,0.0,0.001689198412433751,arimax,24
137,,0.0016858007012416202,0.004142397509035958,5.0,0.0,0.004142397509035958,arimax,24
138,,0.0011808704678267505,0.001689198412433755,1.0,0.0,0.001689198412433755,arimax,24
139,0.22431038949127702,0.07269111576252446,-0.11931445245908871,-1.3333333333333333,0.189471,0.07015654754091129,arimax,24
140,,0.1465271105512979,0.1672527452775879,5.0,0.0,0.1672527452775879,arimax,24
141,,0.0603205119716032,0.08020325676898298,11.166666666666666,0.0,0.08020325676898298,arimax,24
142,-0.9119795986333885,0.18519841000390017,-0.03902185702534228,35.833333333333336,0.480981,0.4419591429746577,arimax,24
143,,0.0351623178268945,0.07265928227699832,14.333333333333334,0.0,0.07265928227699832,arimax,24
144,,0.0012749538769836182,0.001650224051271406,0.0,0.0,0.001650224051271406,arimax,24
145,,0.0014881740601683784,0.0018027410335564814,1.6666666666666667,0.0,0.0018027410335564814,arimax,24
146,,0.0011079529565733658,-0.000658328395512453,7.5,0.0,-0.000658328395512453,arimax,24
147,,0.0016080381408686067,0.0021080312322496577,4.333333333333333,0.0,0.0021080312322496577,arimax,24
148,,0.0013938287913377852,0.0016891984143377558,4.333333333333333,0.0,0.0016891984143377558,arimax,24
149,,0.000567621016570735,0.0010280820594241375,10.666666666666666,0.0,0.0010280820594241375,arimax,24
150,-1.2822875184775153,0.28331837647585495,-0.03471323183705366,29.333333333333332,0.50715,0.47243676816294633,arimax,24
151,,0.03165696799698028,0.04232722546018172,17.0,0.0,0.04232722546018172,arimax,24
152,-2.259334977250603,0.023593041365541627,0.0076429548604038736,0.8333333333333334,0.042286,0.04992895486040387,arimax,24
153,,0.02963146386869638,0.032958870256002915,6.833333333333333,0.0,0.032958870256002915,arimax,24
154,,0.03144682119907689,0.034704871760063774,9.666666666666666,0.0,0.034704871760063774,arimax,24
155,-2.0898595884158655,0.22589256490938409,-0.025810376918477318,32.166666666666664,0.438583,0.4127726230815227,arimax,24
156,,0.0012221786145654786,0.001689198412433755,10.166666666666666,0.0,0.001689198412433755,arimax,24
157,,0.02170651646603228,0.03667376327386485,4.333333333333333,0.0,0.03667376327386485,arimax,24
158,-10.39546139013798,0.011373381728389186,0.001924484292076499,24.5,0.024059,0.0259834842920765,arimax,24
159,,0.01581731354192818,0.0288691145296358,18.166666666666668,0.0,0.0288691145296358,arimax,24
160,,0.0024140668691657583,-0.0019716778011716067,4.666666666666667,0.0,-0.0019716778011716067,arimax,24
161,,0.0006721729643523013,0.0009498448086475233,0.3333333333333333,0.0,0.0009498448086475233,arimax,24
162,,0.0013648978802788781,0.0016828131980978673,0.0,0.0,0.0016828131980978673,arimax,24
163,,0.0010128669087026507,0.0014374043327315005,0.0,0.0,0.0014374043327315005,arimax,24
164,-0.02003416724920193,0.0872730568086528,-0.23533083011145767,-2.8333333333333335,0.4029,0.1675691698885423,arimax,24
165,,0.002628638583944246,0.005399698566437168,12.666666666666666,0.0,0.005399698566437168,arimax,24
166,,0.0009938198302140869,0.0014317981407866998,4.166666666666667,0.0,0.0014317981407866998,arimax,24
167,,0.001493305988530529,0.0017786433502490965,4.166666666666667,0.0,0.0017786433502490965,arimax,24
168,-0.7176547591392937,0.03934281255123693,-0.11715079085987398,25.166666666666668,0.147885,0.03073420914012601,arimax,24
169,,0.0004293396694330319,0.0006883415606934403,0.6666666666666666,0.0,0.0006883415606934403,arimax,24
170,,0.026540223112582202,0.03485853917953193,15.666666666666666,0.0,0.03485853917953193,arimax,24
171,-0.2680798321232709,0.055136550715813915,-0.01844735752484722,25.333333333333332,0.124117,0.10566964247515279,arimax,24
172,-3.677261181916382,0.25761428301077277,-0.31456428651306245,33.333333333333336,1.18902,0.8744557134869375,arimax,24
173,-0.9701807857217091,0.15013385398748266,-0.09173393619755205,38.166666666666664,0.41136,0.31962606380244796,arimax,24
174,-10.270889217485276,0.018924687023766096,0.015651525551366036,-15.5,0.016811,0.032462525551366035,arimax,24
175,-24.084633157193494,0.01949969108827797,0.01939993122527189,9.0,0.016102,0.03550193122527189,arimax,24
